seq,extraction_priority,doi,title,year,journal,is_oa,oa_status,pdf_url,repo_url,version,license,host_type,error
460,1_DOI_FIRST,10.1111/iere.70042,"Exporting Like China: Productivity, Market Demand, and Labor Frictions",2026,INTERNATIONAL ECONOMIC REVIEW,False,closed,,,,,,
461,1_DOI_FIRST,10.1108/mbr-04-2025-0104,"The performance effects of ""added cultural distance"" in multinational expansion paths: generalizable and contextual determinants",2026,MULTINATIONAL BUSINESS REVIEW,True,green,https://centaur.reading.ac.uk/128026/3/MBR-04-2025-0104.R2%20Manuscript-AV-F.pdf,https://centaur.reading.ac.uk/128026/3/MBR-04-2025-0104.R2%20Manuscript-AV-F.pdf,submittedVersion,,repository,
2147,1_DOI_FIRST,10.1108/ijesm-12-2024-0013,Analyzing energy efficiency decisions in India's energy-intensive industries,2026,INTERNATIONAL JOURNAL OF ENERGY SECTOR MANAGEMENT,False,closed,,,,,,
2149,1_DOI_FIRST,10.1002/ijfe.3167,"Corporate ESG Performance, Ownership Structure and Export Intensity: Evidence From Chinese Listed Companies",2026,INTERNATIONAL JOURNAL OF FINANCE & ECONOMICS,True,bronze,https://onlinelibrary.wiley.com/doi/pdfdirect/10.1002/ijfe.3167,https://onlinelibrary.wiley.com/doi/pdfdirect/10.1002/ijfe.3167,publishedVersion,,publisher,
2204,1_DOI_FIRST,10.1080/10669868.2025.2554992,Innovation Pressure from Domestic and Foreign Competitors and Firm Export Intensity in Transition Economies,2026,JOURNAL OF EAST-WEST BUSINESS,False,closed,,,,,,
2217,1_DOI_FIRST,10.1108/ijebr-06-2024-0578,"Navigating family control: U-shaped effects on innovativeness and performance, moderated by firm age and breadth of collaboration partners",2026,INTERNATIONAL JOURNAL OF ENTREPRENEURIAL BEHAVIOR & RESEARCH,False,closed,,,,,,
2222,1_DOI_FIRST,10.1108/imr-11-2024-0446,"Export venture sustainability strategies: an exploration of knowledge-based enablers, conditions and performance implications",2026,INTERNATIONAL MARKETING REVIEW,True,green,,,submittedVersion,cc-by-nc,repository,
2246,1_DOI_FIRST,10.3390/info17010045,Ceasing Export Activities: A Dynamic Analysis of Pre-Exit Financial and Internationalization Predictors,2026,INFORMATION,True,gold,https://www.mdpi.com/2078-2489/17/1/45/pdf?version=1767522743,https://www.mdpi.com/2078-2489/17/1/45/pdf?version=1767522743,publishedVersion,cc-by,publisher,
2248,1_DOI_FIRST,10.1016/j.technovation.2026.103478,Digital orientation and performance in innovative SMEs: exploring the (curvi)linear effects,2026,TECHNOVATION,True,hybrid,,https://doi.org/10.1016/j.technovation.2026.103478,publishedVersion,cc-by,publisher,
2249,1_DOI_FIRST,10.1177/1069031x251408340,Juggling Markets and Products: How Does Ambidexterity Impact Export Performance?,2026,JOURNAL OF INTERNATIONAL MARKETING,True,hybrid,,https://doi.org/10.1177/1069031x251408340,publishedVersion,cc-by,publisher,
2252,1_DOI_FIRST,10.1002/tie.70093,Technology-Enabled Cross-Border Entrepreneurship: The Role of Digital Platforms in SME Expansion Through the Lens of Institutional Theory,2026,THUNDERBIRD INTERNATIONAL BUSINESS REVIEW,True,hybrid,,https://doi.org/10.1002/tie.70093,publishedVersion,cc-by,publisher,
2264,1_DOI_FIRST,10.1080/13662716.2026.2637174,Technological complexity and global capabilities in SMEs. A survey in an Italian industrial region,2026,INDUSTRY AND INNOVATION,False,closed,,,,,,
2276,1_DOI_FIRST,10.1016/j.esr.2026.102215,The carbon cost of export-oriented growth: Firm-level evidence on embedded carbon emissions in China's light industry,2026,ENERGY STRATEGY REVIEWS,True,gold,,https://doi.org/10.1016/j.esr.2026.102215,publishedVersion,cc-by,publisher,
2280,1_DOI_FIRST,10.1016/j.iref.2026.105315,Corporate performance effects of digital empowerment under the Belt and Road Initiative: Evidence from M&A performance and green performance,2026,International Review of Economics and Finance,True,gold,,https://doi.org/10.1016/j.iref.2026.105315,publishedVersion,cc-by-nc-nd,publisher,
2282,1_DOI_FIRST,10.1007/s13132-026-03199-w,"Digital Transformation, Internationalization and Productivity in Small and Medium-Sized Enterprises: Unravelling Effects from Spain",2026,Journal of the Knowledge Economy,True,hybrid,https://link.springer.com/content/pdf/10.1007/s13132-026-03199-w.pdf,https://link.springer.com/content/pdf/10.1007/s13132-026-03199-w.pdf,publishedVersion,cc-by,publisher,
2284,1_DOI_FIRST,10.1007/s11575-026-00618-7,Early Internationalization in Family and Non-family Firms: Performance Implications and the Role of Non-family Managers,2026,Management International Review,False,closed,,,,,,
2285,1_DOI_FIRST,10.1007/s13132-026-03261-7,"Robots, Firms, and Regions: Explaining Spanish Manufacturing Firms’ Productivity and Exports",2026,Journal of the Knowledge Economy,True,hybrid,,https://doi.org/10.1007/s13132-026-03261-7,publishedVersion,cc-by,publisher,
463,1_DOI_FIRST,10.1108/imr-02-2024-0039,Finding the sweet spot: effects of exporting on the relationship between R&D investment and NPD performance,2025,INTERNATIONAL MARKETING REVIEW,True,green,https://durham-repository.worktribe.com/file/3318752/1/Accepted%20Journal%20Article,https://durham-repository.worktribe.com/file/3318752/1/Accepted%20Journal%20Article,submittedVersion,cc-by,repository,
462,1_DOI_FIRST,10.1111/1477-8947.12525,"Clean, competitive, and productive? The impact of environment-friendly technologies on exporting and productivity of the manufacturing companies in Belarus",2025,NATURAL RESOURCES FORUM,True,hybrid,https://onlinelibrary.wiley.com/doi/pdfdirect/10.1111/1477-8947.12525,https://onlinelibrary.wiley.com/doi/pdfdirect/10.1111/1477-8947.12525,publishedVersion,cc-by,publisher,
464,1_DOI_FIRST,10.1108/jbim-04-2024-0284,"Bribery, local network, and local performance among multinational corporations: a moderated mediation model of informal competition",2025,JOURNAL OF BUSINESS & INDUSTRIAL MARKETING,False,closed,,,,,,
465,1_DOI_FIRST,10.3390/su17125381,"Firm-Level Carbon Productivity, Home Country Environmental Performance, and Firm Performance in the Exporting Meat Industry",2025,SUSTAINABILITY,True,gold,https://www.mdpi.com/2071-1050/17/12/5381/pdf?version=1749636253,https://www.mdpi.com/2071-1050/17/12/5381/pdf?version=1749636253,publishedVersion,cc-by,publisher,
2081,1_DOI_FIRST,10.1108/gm-01-2024-0033,Gender diversity in top management team and corporate social responsibility performance: examining the moderating nature of TMT international experience,2025,GENDER IN MANAGEMENT,False,closed,,,,,,
2090,1_DOI_FIRST,10.1093/erae/jbae024,Productivity and growth decomposition: a novel single-index smooth-coefficient stochastic frontier approach,2025,EUROPEAN REVIEW OF AGRICULTURAL ECONOMICS,False,closed,,,,,,
2093,1_DOI_FIRST,10.1016/j.ibusrev.2024.102345,Government R&D support's effects on export performance via innovation: An analysis of organizational motivators as moderators,2025,INTERNATIONAL BUSINESS REVIEW,False,closed,,,,,,
2109,1_DOI_FIRST,10.1108/apjba-11-2024-0621,Reframing government support for SMEs' performance in international market: the critical role of institutional context,2025,ASIA-PACIFIC JOURNAL OF BUSINESS ADMINISTRATION,False,closed,,,,,,
2111,1_DOI_FIRST,10.22146/gamaijb.74896,Learning Orientation and Export Performance in Nigeria: The Moderating Effect of Export Knowledge,2025,GADJAH MADA INTERNATIONAL JOURNAL OF BUSINESS,True,gold,https://jurnal.ugm.ac.id/gamaijb/article/download/74896/40854,https://jurnal.ugm.ac.id/gamaijb/article/download/74896/40854,publishedVersion,cc-by-sa,publisher,
2117,1_DOI_FIRST,10.1177/09721509241308023,Unveiling Determinants of Resource Allocation to R&D and Advertising: Insights from Indian Manufacturing Companies,2025,GLOBAL BUSINESS REVIEW,False,closed,,,,,,
2121,1_DOI_FIRST,10.1111/1467-8268.70001,'Learning to Export' and 'Learning By Exporting': Revisiting the Relationship Between Innovation and Exports in African Firms,2025,AFRICAN DEVELOPMENT REVIEW-REVUE AFRICAINE DE DEVELOPPEMENT,True,hybrid,https://onlinelibrary.wiley.com/doi/pdfdirect/10.1111/1467-8268.70001,https://onlinelibrary.wiley.com/doi/pdfdirect/10.1111/1467-8268.70001,publishedVersion,cc-by,publisher,
2128,1_DOI_FIRST,10.1016/j.techfore.2025.124043,The curvilinear relationship between digitalization and export propensity: The role of home country corruption in emerging economies,2025,TECHNOLOGICAL FORECASTING AND SOCIAL CHANGE,True,hybrid,,https://doi.org/10.1016/j.techfore.2025.124043,publishedVersion,cc-by,publisher,
2133,1_DOI_FIRST,10.1016/j.eap.2025.02.028,Balancing export intensity and innovation: Uncovering the inverted-U relationship in Chinese manufacturing firms,2025,ECONOMIC ANALYSIS AND POLICY,False,closed,,,,,,
2141,1_DOI_FIRST,10.1016/j.iref.2025.103973,Does being embedded in RTA networks promote firm productivity? Evidence from Chinese firms,2025,INTERNATIONAL REVIEW OF ECONOMICS & FINANCE,True,gold,,https://doi.org/10.1016/j.iref.2025.103973,publishedVersion,cc-by,publisher,
2144,1_DOI_FIRST,10.1016/j.techfore.2025.124123,"What drives SME export intensity in transition economies? The role of infrastructure, digitalisation and innovation capabilities",2025,TECHNOLOGICAL FORECASTING AND SOCIAL CHANGE,True,hybrid,,https://doi.org/10.1016/j.techfore.2025.124123,publishedVersion,cc-by,publisher,
2153,1_DOI_FIRST,10.1017/jwe.2025.7,"Wine, markups, and export behavior: Evidence from Hungary",2025,JOURNAL OF WINE ECONOMICS,True,hybrid,https://www.cambridge.org/core/services/aop-cambridge-core/content/view/CA15B1013638C98628E34582E1E55241/S1931436125000070a.pdf/div-class-title-wine-markups-and-export-behavior-evidence-from-hungary-div.pdf,https://www.cambridge.org/core/services/aop-cambridge-core/content/view/CA15B1013638C98628E34582E1E55241/S1931436125000070a.pdf/div-class-title-wine-markups-and-export-behavior-evidence-from-hungary-div.pdf,publishedVersion,cc-by,publisher,
2175,1_DOI_FIRST,10.1002/tie.70001,"Linking Dynamic Capabilities to Export Performance in Africa: The Moderating Roles of Institutional Support, Sociopolitical Context, and Perceived Corruption",2025,THUNDERBIRD INTERNATIONAL BUSINESS REVIEW,True,hybrid,https://onlinelibrary.wiley.com/doi/pdfdirect/10.1002/tie.70001,https://onlinelibrary.wiley.com/doi/pdfdirect/10.1002/tie.70001,publishedVersion,cc-by,publisher,
2177,1_DOI_FIRST,10.1504/ejim.2025.146843,"Export intensity, intellectual property and technology development as drivers for green innovations",2025,EUROPEAN JOURNAL OF INTERNATIONAL MANAGEMENT,False,closed,,,,,,
2179,1_DOI_FIRST,10.1016/j.tncr.2025.200126,A firm-level analysis of the impact of foreign direct investment in research and development on the innovation output of Indian firms,2025,TRANSNATIONAL CORPORATIONS REVIEW,True,gold,,https://doi.org/10.1016/j.tncr.2025.200126,publishedVersion,cc-by-nc-nd,publisher,
2182,1_DOI_FIRST,10.1111/1467-8551.70001,"Speed of Institutional Reforms, Competitive Dynamics, and Cross-border Acquisitions: Evidence from Emerging Economies",2025,BRITISH JOURNAL OF MANAGEMENT,False,closed,,,,,,
2185,1_DOI_FIRST,10.1111/jpim.12796,Old but Sold? Innovation Through Tradition Strategy for Export and the Role of Family Involvement,2025,JOURNAL OF PRODUCT INNOVATION MANAGEMENT,True,hybrid,,https://doi.org/10.1111/jpim.12796,publishedVersion,cc-by,publisher,
2219,1_DOI_FIRST,10.1108/cms-09-2024-0683,International ambidexterity and innovation performance of EMNEs: the moderating role of dynamic-static resource interaction,2025,CHINESE MANAGEMENT STUDIES,False,closed,,,,,,
2228,1_DOI_FIRST,10.1108/cr-04-2024-0074,Does financial development contribute to the nonlinear relationship between innovation and export diversification?,2025,COMPETITIVENESS REVIEW,False,closed,,,,,,
2234,1_DOI_FIRST,10.1177/09721509251399758,The Determinants of Information Communication Technology Adoption in the Case of Indian Manufacturing Sector,2025,GLOBAL BUSINESS REVIEW,False,closed,,,,,,
2235,1_DOI_FIRST,10.1177/00252921251401022,Corporate Foreign Exchange Risk in India: Firm-level Evidence and Some Policy Implications,2025,MARGIN-JOURNAL OF APPLIED ECONOMIC RESEARCH,True,hybrid,,https://doi.org/10.1177/00252921251401022,publishedVersion,cc-by,publisher,
2237,1_DOI_FIRST,10.1016/j.intman.2025.101308,Profitability and CSR: Inconsistent performance feedback and OFDI location choices for firms in emerging countries,2025,JOURNAL OF INTERNATIONAL MANAGEMENT,False,closed,,,,,,
2287,1_DOI_FIRST,10.18356/26178419-32-2-5,"DIGITALIZATION, FIRM PERFORMANCE AND INTERNATIONALIZATION OF MICROFIRMS IN INDIA",2025,Asia Pacific Sustainable Development Journal,False,closed,,,,,,
2288,1_DOI_FIRST,10.3390/info16070544,Being (Not) Successful in Internationalisation After Receiving Export Support: Which Predictors Are Able to Forecast It and How Accurately?,2025,Information Switzerland,True,gold,https://www.mdpi.com/2078-2489/16/7/544/pdf?version=1751004560,https://www.mdpi.com/2078-2489/16/7/544/pdf?version=1751004560,publishedVersion,cc-by,publisher,
2289,1_DOI_FIRST,10.46661/rev.metodoscuant.econ.empresa.10640,Internationalization and financial performance in Colombian firms,2025,Revista De Metodos Cuantitativos Para La Economia Y La Empresa,True,gold,https://www.upo.es/revistas/index.php/RevMetCuant/article/download/10640/10051,https://www.upo.es/revistas/index.php/RevMetCuant/article/download/10640/10051,publishedVersion,cc-by-sa,publisher,
2290,1_DOI_FIRST,10.28934/jwee25.12.pp198-216,Gender Perspectives on SME International Trade and Revenue in the Digital Era: Evidence from Serbia,2025,Journal of Women S Entrepreneurship and Education,True,gold,https://library.ien.bg.ac.rs/index.php/jwee/article/download/2007/1543,https://library.ien.bg.ac.rs/index.php/jwee/article/download/2007/1543,publishedVersion,cc-by-nc-nd,publisher,
2291,1_DOI_FIRST,10.1016/j.joitmc.2025.100479,"Export promotion programs and firm performance: Linking knowledge, commitment, and market strategy to enhance competitiveness",2025,Journal of Open Innovation Technology Market and Complexity,True,gold,,https://doi.org/10.1016/j.joitmc.2025.100479,publishedVersion,cc-by-nc-nd,publisher,
2292,1_DOI_FIRST,10.47836/ijeam.19.2.03,The Impact of Digital Technology Adoption and Internationalization on Manufacturing Firms’ Performance in China,2025,International Journal of Economics and Management,True,bronze,https://doi.org/10.47836/ijeam.19.2.03,https://doi.org/10.47836/ijeam.19.2.03,publishedVersion,,publisher,
533,1_DOI_FIRST,10.11130/jei.2024033,Internationalization at Inception: Insights from the Indian Textile Industry's Born Globals,2024,JOURNAL OF ECONOMIC INTEGRATION,True,gold,https://www.e-jei.org/upload/jei-2024033.pdf,https://www.e-jei.org/upload/jei-2024033.pdf,publishedVersion,,publisher,
466,1_DOI_FIRST,10.1108/ijm-03-2023-0150,Exporting is a team sport: the link between management training and performance in SMEs,2024,INTERNATIONAL JOURNAL OF MANPOWER,True,green,https://strathprints.strath.ac.uk/87757/1/Idris-etal-IJM-2023-Exporting-is-a-team-sport-the-link.pdf,https://strathprints.strath.ac.uk/87757/1/Idris-etal-IJM-2023-Exporting-is-a-team-sport-the-link.pdf,submittedVersion,,repository,
1767,1_DOI_FIRST,10.1108/emjb-09-2021-0129,Do domestic market characteristics influence firms' export intensity?,2024,EUROMED JOURNAL OF BUSINESS,True,bronze,https://www.emerald.com/insight/content/doi/10.1108/EMJB-09-2021-0129/full/pdf?title=do-domestic-market-characteristics-influence-firms-export-intensity,https://www.emerald.com/insight/content/doi/10.1108/EMJB-09-2021-0129/full/pdf?title=do-domestic-market-characteristics-influence-firms-export-intensity,publishedVersion,,publisher,
1860,1_DOI_FIRST,10.1108/ecam-03-2022-0286,"Examining the nonlinear relationships of corporate social responsibility, innovation and construction firm performance: the moderating role of construction firms' competitive position",2024,ENGINEERING CONSTRUCTION AND ARCHITECTURAL MANAGEMENT,False,closed,,,,,,
1921,1_DOI_FIRST,10.1007/s13132-023-01378-7,On the Direct and Indirect Effects of ICT on SMEs Export Performance: Evidence from Colombian Manufacturing,2024,JOURNAL OF THE KNOWLEDGE ECONOMY,True,hybrid,https://link.springer.com/content/pdf/10.1007/s13132-023-01378-7.pdf,https://link.springer.com/content/pdf/10.1007/s13132-023-01378-7.pdf,publishedVersion,cc-by,publisher,
1964,1_DOI_FIRST,10.1016/j.jwb.2023.101500,The interplay of international alliance and subsidiary portfolios: Implications for firms' innovation and financial performance,2024,JOURNAL OF WORLD BUSINESS,False,closed,,,,,,
1967,1_DOI_FIRST,10.1002/agr.21872,Multinational enterprises and local firms' export market entry: A panel data analysis of Vietnam's food processing industry,2024,AGRIBUSINESS,True,green,,https://research.cbs.dk/en/publications/ddc66410-3e36-416e-bfb0-ef93453ec1a7,acceptedVersion,other-oa,repository,
1985,1_DOI_FIRST,10.1111/1467-8551.12786,The Effect of Foreign Divestment on Subsequent Firm Performance: The Moderating Role of Spatial and Temporal Dispersion of Prior Divestment Experience,2024,BRITISH JOURNAL OF MANAGEMENT,True,hybrid,https://onlinelibrary.wiley.com/doi/pdfdirect/10.1111/1467-8551.12786,https://onlinelibrary.wiley.com/doi/pdfdirect/10.1111/1467-8551.12786,publishedVersion,cc-by,publisher,
2000,1_DOI_FIRST,10.1177/1069031x231216409,Exploratory Search and International Performance: When Do Local Alliances Matter?,2024,JOURNAL OF INTERNATIONAL MARKETING,False,closed,,,,,,
2013,1_DOI_FIRST,10.1080/23311975.2024.2315658,Financial and marketing approach to export performance: the mediation role of promotion and research and development,2024,COGENT BUSINESS & MANAGEMENT,True,gold,https://www.tandfonline.com/doi/pdf/10.1080/23311975.2024.2315658?download=true,https://www.tandfonline.com/doi/pdf/10.1080/23311975.2024.2315658?download=true,publishedVersion,cc-by,publisher,
2020,1_DOI_FIRST,10.1002/bsd2.365,Does internationalization and board diversity affect family firms&apos; sustainable performance? Empirical evidence from an emerging economy,2024,BUSINESS STRATEGY AND DEVELOPMENT,True,hybrid,https://onlinelibrary.wiley.com/doi/pdfdirect/10.1002/bsd2.365,https://onlinelibrary.wiley.com/doi/pdfdirect/10.1002/bsd2.365,publishedVersion,cc-by,publisher,
2041,1_DOI_FIRST,10.1002/tie.22396,"Foreign Ownership, Board of Directors, and Environmental Commitment in European International New Ventures",2024,THUNDERBIRD INTERNATIONAL BUSINESS REVIEW,True,hybrid,https://onlinelibrary.wiley.com/doi/pdfdirect/10.1002/tie.22396,https://onlinelibrary.wiley.com/doi/pdfdirect/10.1002/tie.22396,publishedVersion,cc-by,publisher,
2046,1_DOI_FIRST,10.1016/j.intman.2024.101142,Generous to a fault: Differential impact of CSR investments on financial gains in Indian market multinationals,2024,JOURNAL OF INTERNATIONAL MANAGEMENT,True,hybrid,,https://doi.org/10.1016/j.intman.2024.101142,publishedVersion,cc-by,publisher,
2049,1_DOI_FIRST,10.1080/23311975.2024.2375410,The mediating roles of cost leadership and cost focus strategies on innovation capabilities and export performance. Results from an emerging country,2024,COGENT BUSINESS & MANAGEMENT,True,gold,https://www.tandfonline.com/doi/pdf/10.1080/23311975.2024.2375410?needAccess=true,https://www.tandfonline.com/doi/pdf/10.1080/23311975.2024.2375410?needAccess=true,publishedVersion,cc-by,publisher,
2053,1_DOI_FIRST,10.1108/sampj-09-2023-0687,"Balancing people, planet and profit: export strategies for sustainable value creation",2024,SUSTAINABILITY ACCOUNTING MANAGEMENT AND POLICY JOURNAL,True,green,https://run.unl.pt/bitstream/10362/182345/1/Lages_et_al_2024_SAMPJ.pdf,https://run.unl.pt/bitstream/10362/182345/1/Lages_et_al_2024_SAMPJ.pdf,submittedVersion,,repository,
2056,1_DOI_FIRST,10.1016/j.intman.2024.101133,The impact of liability of foreignness on performance in hybrid organizations,2024,JOURNAL OF INTERNATIONAL MANAGEMENT,True,hybrid,,https://doi.org/10.1016/j.intman.2024.101133,publishedVersion,cc-by,publisher,
2060,1_DOI_FIRST,10.1016/j.ibusrev.2023.102170,A novel model linking UN SDGs with international experience and firm performance,2024,INTERNATIONAL BUSINESS REVIEW,False,closed,,,,,,
2065,1_DOI_FIRST,10.1108/ribs-02-2024-0015,Trade policy revisited: how government support initiatives affect international performance in SMEs?,2024,REVIEW OF INTERNATIONAL BUSINESS AND STRATEGY,False,closed,,,,,,
2066,1_DOI_FIRST,10.1108/bjm-02-2024-0058,Is OFDI persistence beneficial for firms' performance? Evidence from Chinese firms,2024,BALTIC JOURNAL OF MANAGEMENT,False,closed,,,,,,
2074,1_DOI_FIRST,10.1108/jbim-12-2023-0761,"The effect of standardized advertising, managerial ties and born global orientation on export performance",2024,JOURNAL OF BUSINESS & INDUSTRIAL MARKETING,False,closed,,,,,,
2297,1_DOI_FIRST,10.1016/j.heliyon.2024.e39486,Industry clusters and firm performance: Evidence from the leather product industry in Addis Ababa,2024,Heliyon,True,gold,,https://doi.org/10.1016/j.heliyon.2024.e39486,publishedVersion,,publisher,
2304,1_DOI_FIRST,10.33094/ijaefa.v18i1.1362,Mediating role of competitiveness between process innovation and financial performance: Internationalization moderation,2024,International Journal of Applied Economics Finance and Accounting,True,gold,http://onlineacademicpress.com/index.php/IJAEFA/article/download/1362/854,http://onlineacademicpress.com/index.php/IJAEFA/article/download/1362/854,publishedVersion,cc-by-nc,publisher,
2305,1_DOI_FIRST,10.6504/jmbr.202412_41(4).0004,Impact of Specific Intangible Assets on Firm Internationalization and Performance,2024,Journal of Management and Business Research,,,,,,,,HTTP 404
2306,1_DOI_FIRST,10.1504/ijbge.2024.141806,Role of technology director in boosting internationalisation and performance: an evidence from EU sustainable firms,2024,International Journal of Business Governance and Ethics,False,closed,,,,,,
2307,1_DOI_FIRST,10.14254/2071-8330.2024/17-2/13,"ESG disclosure, firm internationalization, and firm financial performance: Evidence from Asia-Pacific",2024,Journal of International Studies,True,gold,https://jois.eu/files/13_JIS 1438_Hussain et al.pdf,https://jois.eu/files/13_JIS 1438_Hussain et al.pdf,publishedVersion,cc-by,publisher,
468,1_DOI_FIRST,10.1016/j.dib.2023.109112,"Survey data on organizational resources and capabilities, export marketing strategy, export competitiveness, and firm performance in exporting firms in Indonesia",2023,DATA IN BRIEF,True,gold,,https://doi.org/10.1016/j.dib.2023.109112,publishedVersion,cc-by,publisher,
1579,1_DOI_FIRST,10.1057/s41291-020-00144-w,Performance implications of combining innovation and internationalization for Korean small- and medium-sized manufacturing firms: an exploration-exploitation perspective,2023,ASIAN BUSINESS & MANAGEMENT,False,closed,,,,,,
1680,1_DOI_FIRST,10.1108/ejim-04-2021-0197,Intangible resources and firms' innovation performance: empirical evidence from Chinese firms,2023,EUROPEAN JOURNAL OF INNOVATION MANAGEMENT,False,closed,,,,,,
1686,1_DOI_FIRST,10.1108/ijoem-09-2020-1114,The use and knowledge of export promotion programs in the early internationalization of Brazilian SMEs,2023,INTERNATIONAL JOURNAL OF EMERGING MARKETS,False,closed,,,,,,
1722,1_DOI_FIRST,10.1111/ajae.12292,Markups and export behavior: Firm-level evidence from the French food processing industry,2023,AMERICAN JOURNAL OF AGRICULTURAL ECONOMICS,True,hybrid,https://onlinelibrary.wiley.com/doi/pdfdirect/10.1111/ajae.12292,https://onlinelibrary.wiley.com/doi/pdfdirect/10.1111/ajae.12292,publishedVersion,cc-by-nc,publisher,
1747,1_DOI_FIRST,10.1111/emre.12513,The role of innovation and internationalization support in small- and medium-sized enterprises' export performance,2023,EUROPEAN MANAGEMENT REVIEW,False,closed,,,,,,
1776,1_DOI_FIRST,10.1108/imr-02-2022-0043,When does export customer responsiveness strategy contribute to export market competitive advantage?,2023,INTERNATIONAL MARKETING REVIEW,True,green,,https://figshare.com/articles/journal_contribution/When_does_export_customer_responsiveness_strategy_contribute_to_export_market_competitive_advantage_/19811053,submittedVersion,cc-by-nc,repository,
1777,1_DOI_FIRST,10.1002/sres.2856,Role of international strategic alliances in internationalization of business group affiliated firms-A system dynamics approach,2023,SYSTEMS RESEARCH AND BEHAVIORAL SCIENCE,False,closed,,,,,,
1794,1_DOI_FIRST,10.1111/twec.13310,Internet and firms' exports and imports: Firm level evidence from China,2023,WORLD ECONOMY,False,closed,,,,,,
1821,1_DOI_FIRST,10.1007/s11356-022-22664-y,From ambiguity to transparency: influence of environmental information disclosure on financial performance in the context of internationalization,2023,ENVIRONMENTAL SCIENCE AND POLLUTION RESEARCH,False,closed,,,,,,
1823,1_DOI_FIRST,10.1007/s10640-022-00717-7,The More the Merrier? Evidence from Firm-Level Exports and Environmental Performance in China,2023,ENVIRONMENTAL & RESOURCE ECONOMICS,False,closed,,,,,,
1826,1_DOI_FIRST,10.1080/09638199.2022.2125552,Impact of export intensity on energy intensity in manufacturing plants: Evidence from India,2023,JOURNAL OF INTERNATIONAL TRADE & ECONOMIC DEVELOPMENT,False,closed,,,,,,
1830,1_DOI_FIRST,10.1108/imr-01-2022-0026,A vicarious learning perspective on the relationship between home-peer performance and export intensity among SMEs,2023,INTERNATIONAL MARKETING REVIEW,False,closed,,,,,,
1834,1_DOI_FIRST,10.1111/grow.12657,Agglomeration and firm performance in times of economic turmoil: Evidence from Tunisian firm-level data,2023,GROWTH AND CHANGE,False,closed,,,,,,
1863,1_DOI_FIRST,10.1108/ribs-12-2021-0172,MNCs' orchestration capability of the 3Ds and financial performance,2023,REVIEW OF INTERNATIONAL BUSINESS AND STRATEGY,False,closed,,,,,,
1882,1_DOI_FIRST,10.1016/j.intman.2022.100982,Unpacking the relationship between post-entry speed of internationalization and export performance of SMEs: A capability-building perspective,2023,JOURNAL OF INTERNATIONAL MANAGEMENT,True,hybrid,,https://doi.org/10.1016/j.intman.2022.100982,publishedVersion,cc-by,publisher,
1887,1_DOI_FIRST,10.1504/ejim.2023.128812,Immigrant and native's export benefiting from business collaborations: a global study,2023,EUROPEAN JOURNAL OF INTERNATIONAL MANAGEMENT,True,green,,https://research.wur.nl/en/publications/immigrant-and-natives-export-benefiting-from-business-collaborati,submittedVersion,,repository,
1888,1_DOI_FIRST,10.22146/gamaijb.65565,The Relationship Between Export Market Orientation and Firm Performance: A Meta-Analysis of Main and Moderator Effects,2023,GADJAH MADA INTERNATIONAL JOURNAL OF BUSINESS,True,gold,https://jurnal.ugm.ac.id/gamaijb/article/download/65565/35809,https://jurnal.ugm.ac.id/gamaijb/article/download/65565/35809,publishedVersion,cc-by-sa,publisher,
1892,1_DOI_FIRST,10.3390/economies11020068,Slack Resources and Export Intensity: New Empirical Evidence from Vietnam,2023,ECONOMIES,True,gold,https://www.mdpi.com/2227-7099/11/2/68/pdf?version=1676599854,https://www.mdpi.com/2227-7099/11/2/68/pdf?version=1676599854,publishedVersion,cc-by,publisher,
1894,1_DOI_FIRST,10.3390/su15043522,How Organizational Resources and Managerial Features Affect Business Performance: An Analysis in the Greek Wine Industry,2023,SUSTAINABILITY,True,gold,https://www.mdpi.com/2071-1050/15/4/3522/pdf?version=1676382979,https://www.mdpi.com/2071-1050/15/4/3522/pdf?version=1676382979,publishedVersion,cc-by,publisher,
1905,1_DOI_FIRST,10.1108/sef-12-2022-0551,Spillover effects of foreign direct investment on manufacturing exports and imports in Indonesia,2023,STUDIES IN ECONOMICS AND FINANCE,False,closed,,,,,,
1911,1_DOI_FIRST,10.1016/j.resourpol.2022.103169,Do international resources configure SMEs' sustainable performance in the digital era? Evidence from Pakistan,2023,RESOURCES POLICY,False,closed,,,,,,
1922,1_DOI_FIRST,10.1007/s40953-023-00350-1,"ICT Investment, Adoption of ISO 14000 Certification, and Export Performance in Indian Manufacturing Plants",2023,JOURNAL OF QUANTITATIVE ECONOMICS,False,closed,,,,,,
1925,1_DOI_FIRST,10.1108/ijssp-04-2023-0089,Are formal institutions ineffective for firm performance? Evidence from the economic community of West African States,2023,INTERNATIONAL JOURNAL OF SOCIOLOGY AND SOCIAL POLICY,False,closed,,,,,,
1935,1_DOI_FIRST,10.1016/j.ibusrev.2023.102135,"Digitalization, internationalization, and firm performance: A resource-orchestration perspective on new OLI advantages",2023,INTERNATIONAL BUSINESS REVIEW,True,hybrid,,https://doi.org/10.1016/j.ibusrev.2023.102135,publishedVersion,cc-by,publisher,
1936,1_DOI_FIRST,10.1016/j.heliyon.2023.e16918,Do National Export Promotion Programs in Indonesia support export competitiveness?,2023,HELIYON,True,gold,http://www.cell.com/article/S2405844023041257/pdf,http://www.cell.com/article/S2405844023041257/pdf,publishedVersion,cc-by-nc-nd,publisher,
1942,1_DOI_FIRST,10.1504/ejim.2023.131703,Technological knowledge intensity and entry modes in the European automotive industry,2023,EUROPEAN JOURNAL OF INTERNATIONAL MANAGEMENT,False,closed,,,,,,
1957,1_DOI_FIRST,10.1093/icc/dtad045,In search of markets and technology: the role of cross-border knowledge for domestic productivity,2023,INDUSTRIAL AND CORPORATE CHANGE,False,closed,,,,,,
1966,1_DOI_FIRST,10.1108/arla-05-2023-0073,"Firm certification and export performance: the case of the ""SME Leader"" label",2023,ACADEMIA-REVISTA LATINOAMERICANA DE ADMINISTRACION,True,green,,https://hdl.handle.net/11328/5197,submittedVersion,cc-by-nc-nd,repository,
1981,1_DOI_FIRST,10.1016/j.iedeen.2023.100226,Euro adoption and intra-European Union exporters' productivity: Differences between family and non-family firms,2023,EUROPEAN RESEARCH ON MANAGEMENT AND BUSINESS ECONOMICS,True,gold,,https://doi.org/10.1016/j.iedeen.2023.100226,publishedVersion,cc-by-nc-nd,publisher,
1982,1_DOI_FIRST,10.2139/ssrn.4484472,A clean road to international trade: Environmental regulations and the cleanliness of export enterprises,2023,HELIYON,True,green,,http://dx.doi.org/10.2139/ssrn.4484472,acceptedVersion,,repository,
1996,1_DOI_FIRST,10.51599/are.2023.09.04.05,FINANCIAL PERFORMANCE DETERMINANTS OF UKRAINIAN AGRICULTURAL COMPANIES IN THE PRE-WAR PERIOD,2023,AGRICULTURAL AND RESOURCE ECONOMICS-INTERNATIONAL SCIENTIFIC E-JOURNAL,True,gold,https://are-journal.com/are/article/download/755/415,https://are-journal.com/are/article/download/755/415,publishedVersion,cc-by,publisher,
2025,1_DOI_FIRST,10.1504/ijesb.2020.10032033,Does industry experience positively moderate the quadratic relationship between coopetition and financial performance? Evidence from the New Zealand wine sector,2023,INTERNATIONAL JOURNAL OF ENTREPRENEURSHIP & SMALL BUSINESS,False,closed,,,,,,
2316,1_DOI_FIRST,10.1007/s11135-022-01391-z,How does Internationalisation affect the productivity of R&D activities in large innovative firms? A conditional nonparametric investigation,2023,Quality and Quantity,True,hybrid,https://link.springer.com/content/pdf/10.1007/s11135-022-01391-z.pdf,https://link.springer.com/content/pdf/10.1007/s11135-022-01391-z.pdf,publishedVersion,cc-by,publisher,
470,1_DOI_FIRST,10.1108/jic-02-2021-0041,Intellectual capital and firm efficiency of US multinational software firms,2022,JOURNAL OF INTELLECTUAL CAPITAL,False,closed,,,,,,
526,1_DOI_FIRST,10.1287/stsc.2022.0158,"Disaggregating Multinationality: An Empirical Examination of Aggregation, Adaptation, and Arbitrage Activities by U.S. Multinational Corporations",2022,STRATEGY SCIENCE,False,closed,,,,,,
1595,1_DOI_FIRST,10.1108/jbim-08-2020-0396,Making better foreign friendships: the effects of increased cultural diversity in alliance portfolios and portfolio configuration decisions on firm performance,2022,JOURNAL OF BUSINESS & INDUSTRIAL MARKETING,False,closed,,,,,,
1637,1_DOI_FIRST,10.1002/gsj.1412,"Disentangling the relationship between internationalization, incremental and radical innovation, and firm performance",2022,GLOBAL STRATEGY JOURNAL,False,closed,,,,,,
1653,1_DOI_FIRST,10.1177/01492063211029701,"Founders' Prior Shared International Experience, Time to First Foreign Market Entry, and New Venture Performance",2022,JOURNAL OF MANAGEMENT,True,hybrid,https://journals.sagepub.com/doi/pdf/10.1177/01492063211029701,https://journals.sagepub.com/doi/pdf/10.1177/01492063211029701,publishedVersion,cc-by,publisher,
1655,1_DOI_FIRST,10.1002/gsj.1416,Speed of institutional change and subsidiary performance: The moderating impact of home and host country learning,2022,GLOBAL STRATEGY JOURNAL,True,bronze,https://onlinelibrary.wiley.com/doi/pdfdirect/10.1002/gsj.1416,https://onlinelibrary.wiley.com/doi/pdfdirect/10.1002/gsj.1416,publishedVersion,,publisher,
1700,1_DOI_FIRST,10.1111/1467-8551.12560,The Degree of Internationalization and Firm Productivity: Empirical Evidence from Large Multinationals,2022,BRITISH JOURNAL OF MANAGEMENT,False,closed,,,,,,
1706,1_DOI_FIRST,10.1111/1467-8551.12566,Exporting by Private Equity-Backed Portfolio Companies,2022,BRITISH JOURNAL OF MANAGEMENT,False,closed,,,,,,
1710,1_DOI_FIRST,10.1108/ijchm-05-2021-0679,The synergistic impact between internationalization and supply-and-demand interaction on firm performance: a study of environmental responsibility in social networking service,2022,INTERNATIONAL JOURNAL OF CONTEMPORARY HOSPITALITY MANAGEMENT,False,closed,,,,,,
1714,1_DOI_FIRST,10.1016/j.aglobe.2021.100022,Benefitting from Investment Abroad? Evidence from Indian Manufacturing,2022,ASIA AND THE GLOBAL ECONOMY,True,gold,,https://doi.org/10.1016/j.aglobe.2021.100022,publishedVersion,cc-by-nc-nd,publisher,
1719,1_DOI_FIRST,10.1057/s41267-021-00481-8,Home-market economic development as a moderator of the self-selection and learning-by-exporting effects,2022,JOURNAL OF INTERNATIONAL BUSINESS STUDIES,True,green,,https://research.birmingham.ac.uk/en/publications/c5ffabba-ec7c-4ef1-94d9-4ba99961335b,submittedVersion,other-oa,repository,
1720,1_DOI_FIRST,10.1108/er-04-2021-0132,"Gender, talent management and firm performance: MNCs' female-focused talent management practices in Russia",2022,EMPLOYEE RELATIONS,False,closed,,,,,,
1721,1_DOI_FIRST,10.1108/imr-01-2021-0003,Eyes open and hands on: market knowledge and marketing capabilities in export markets,2022,INTERNATIONAL MARKETING REVIEW,False,closed,,,,,,
1727,1_DOI_FIRST,10.1108/jfbm-06-2021-0060,Promoting organizational diversity and preserving socioemotional wealth: can family businesses balance the two?,2022,JOURNAL OF FAMILY BUSINESS MANAGEMENT,False,closed,,,,,,
1733,1_DOI_FIRST,10.1007/s40812-022-00209-1,'R&D and export performance: exploring heterogeneity along the export intensity distribution',2022,JOURNAL OF INDUSTRIAL AND BUSINESS ECONOMICS,True,hybrid,https://link.springer.com/content/pdf/10.1007/s40812-022-00209-1.pdf,https://link.springer.com/content/pdf/10.1007/s40812-022-00209-1.pdf,publishedVersion,cc-by,publisher,
1738,1_DOI_FIRST,10.1108/ccsm-07-2021-0119,"Internationalization motives, location advantages and performance: the case of Indian firms from knowledge-intensive industries",2022,CROSS CULTURAL & STRATEGIC MANAGEMENT,False,closed,,,,,,
1744,1_DOI_FIRST,10.1108/jsma-11-2021-0220,"The complex interplay of firm innovation, internationalization and learning capability in driving firm performance: a configurational analysis",2022,JOURNAL OF STRATEGY AND MANAGEMENT,False,closed,,,,,,
1748,1_DOI_FIRST,10.1080/09638199.2022.2051588,The innovation and exports interplay across Africa: Does business environment matter?,2022,JOURNAL OF INTERNATIONAL TRADE & ECONOMIC DEVELOPMENT,False,closed,,,,,,
1753,1_DOI_FIRST,10.1007/s11575-022-00464-3,Turning the Tables: The Relationship Between Performance and Multinationality,2022,MANAGEMENT INTERNATIONAL REVIEW,True,hybrid,https://link.springer.com/content/pdf/10.1007/s11575-022-00464-3.pdf,https://link.springer.com/content/pdf/10.1007/s11575-022-00464-3.pdf,publishedVersion,cc-by,publisher,
1760,1_DOI_FIRST,10.1093/icc/dtab068,Impact of sourcing from the informal economy on the export likelihood and performance of emerging economy firms,2022,INDUSTRIAL AND CORPORATE CHANGE,False,closed,,,,,,
1765,1_DOI_FIRST,10.3390/su14095543,CSR and Long-Term Corporate Performance: The Moderating Effects of Government Subsidies and Peer Firm's CSR,2022,SUSTAINABILITY,True,gold,https://www.mdpi.com/2071-1050/14/9/5543/pdf?version=1651745957,https://www.mdpi.com/2071-1050/14/9/5543/pdf?version=1651745957,publishedVersion,cc-by,publisher,
1771,1_DOI_FIRST,10.3389/fpsyg.2022.888697,The Impact of Breakthrough Innovations on the Export Performance of SMEs in Developing Countries: The Moderating Role of Institutional Factors,2022,FRONTIERS IN PSYCHOLOGY,True,gold,https://www.frontiersin.org/articles/10.3389/fpsyg.2022.888697/pdf,https://www.frontiersin.org/articles/10.3389/fpsyg.2022.888697/pdf,publishedVersion,cc-by,publisher,
1790,1_DOI_FIRST,10.1007/s11575-022-00470-5,"The Relationship Between Timing, Speed, and Performance in Foreign Market Network Entry",2022,MANAGEMENT INTERNATIONAL REVIEW,True,hybrid,https://link.springer.com/content/pdf/10.1007/s11575-022-00470-5.pdf,https://link.springer.com/content/pdf/10.1007/s11575-022-00470-5.pdf,publishedVersion,cc-by,publisher,
1808,1_DOI_FIRST,10.1108/ijopm-10-2021-0654,Performance from building smart factories of small- and medium-sized enterprises: the moderating effects of product complexity and company size,2022,INTERNATIONAL JOURNAL OF OPERATIONS & PRODUCTION MANAGEMENT,False,closed,,,,,,
1817,1_DOI_FIRST,10.1016/j.irfa.2022.102318,Is there ?productivity paradox? in Chinese producer-service enterprises' OFDI?,2022,INTERNATIONAL REVIEW OF FINANCIAL ANALYSIS,False,closed,,,,,,
1842,1_DOI_FIRST,10.3390/su142012981,Does Corporate ESG Performance Improve Export Intensity? Evidence from Chinese Listed Firms,2022,SUSTAINABILITY,True,gold,https://www.mdpi.com/2071-1050/14/20/12981/pdf?version=1665648089,https://www.mdpi.com/2071-1050/14/20/12981/pdf?version=1665648089,publishedVersion,cc-by,publisher,
2330,1_DOI_FIRST,10.1007/s40171-022-00308-x,Comparing Developed and Emerging Countries Exporting Performance: Does Strategic Choice or Environmental Pressure Matter?,2022,Global Journal of Flexible Systems Management,False,closed,,,,,,
2332,1_DOI_FIRST,10.1016/j.ibusrev.2021.101948,Performance feedback and export intensity of Chinese private firms: Moderating roles of institution-related factors,2022,International Business Review,True,green,,https://audencia.hal.science/hal-03628381,submittedVersion,other-oa,repository,
2335,1_DOI_FIRST,10.1177/00194662211063574,What Determines Profitability in the Indian Automobile Industry?,2022,Indian Economic Journal,False,closed,,,,,,
2336,1_DOI_FIRST,10.1504/jgba.2022.127205,Internationalisation and the performance of German firms,2022,Journal for Global Business Advancement,False,closed,,,,,,
2340,1_DOI_FIRST,10.28991/hij-sp2022-03-05,The Importance of Interfirm Networks in Enhancing Innovation Capability and Exporting in High-Tech Industry,2022,Hightech and Innovation Journal,True,gold,https://hightechjournal.org/index.php/HIJ/article/download/310/87,https://hightechjournal.org/index.php/HIJ/article/download/310/87,publishedVersion,cc-by,publisher,
2342,1_DOI_FIRST,10.38094/jastt302133,A Strategy for the Growth and Internationalization of Companies: International Mergers and Acquisitions,2022,Journal of Applied Science and Technology Trends,True,gold,https://jastt.org/index.php/jasttpath/article/download/133/43,https://jastt.org/index.php/jasttpath/article/download/133/43,publishedVersion,cc-by-nc-sa,publisher,
473,1_DOI_FIRST,10.1111/jifm.12134,Exploring nonlinear linkage between profitability and leverage: US multinational versus domestic corporations,2021,JOURNAL OF INTERNATIONAL FINANCIAL MANAGEMENT & ACCOUNTING,False,closed,,,,,,
471,1_DOI_FIRST,10.1057/s41267-020-00360-8,No place like home: The effect of exporting to the country of origin on the financial performance of immigrant-owned SMEs,2021,JOURNAL OF INTERNATIONAL BUSINESS STUDIES,False,closed,,,,,,
472,1_DOI_FIRST,10.1016/j.jbusres.2021.02.026,Export status and SME productivity: Learning-to-export versus learning-by-exporting,2021,JOURNAL OF BUSINESS RESEARCH,False,closed,,,,,,
1539,1_DOI_FIRST,10.1177/1938965520958703,The Effect of Internationalization on Firm Performance: A Moderating Role of Heterogeneity in TMTs' Nationality,2021,CORNELL HOSPITALITY QUARTERLY,False,closed,,,,,,
1544,1_DOI_FIRST,10.1108/mf-04-2020-0162,Debt-performance relationship and firms' international trade activities,2021,MANAGERIAL FINANCE,False,closed,,,,,,
1549,1_DOI_FIRST,10.1007/s10997-020-09542-w,Big data analytics (BDA) and degree of internationalization: the interplay between governance of BDA infrastructure and BDA capabilities,2021,JOURNAL OF MANAGEMENT & GOVERNANCE,True,hybrid,https://link.springer.com/content/pdf/10.1007/s10997-020-09542-w.pdf,https://link.springer.com/content/pdf/10.1007/s10997-020-09542-w.pdf,publishedVersion,other-oa,publisher,
1550,1_DOI_FIRST,10.1007/s10290-020-00398-8,Global value chains and technology transfer: new evidence from developing countries,2021,REVIEW OF WORLD ECONOMICS,True,hybrid,https://link.springer.com/content/pdf/10.1007/s10290-020-00398-8.pdf,https://link.springer.com/content/pdf/10.1007/s10290-020-00398-8.pdf,publishedVersion,other-oa,publisher,
1558,1_DOI_FIRST,10.1108/jadee-07-2020-0156,Innovation and firm growth in agricultural inputs industry: empirical evidence from India,2021,JOURNAL OF AGRIBUSINESS IN DEVELOPING AND EMERGING ECONOMIES,False,closed,,,,,,
1563,1_DOI_FIRST,10.1002/bse.2693,Environmental policies and financial performance: stock market reaction to firms for their proactive environmental practices recognized by governmental programs,2021,BUSINESS STRATEGY AND THE ENVIRONMENT,False,closed,,,,,,
1603,1_DOI_FIRST,10.1108/ijis-07-2020-0104,Does investment in innovation impact firm performance in emerging economies? An empirical investigation of the Indian food and agricultural manufacturing industry,2021,INTERNATIONAL JOURNAL OF INNOVATION SCIENCE,False,closed,,,,,,
1604,1_DOI_FIRST,10.1080/1331677x.2020.1820359,"International diversification, ownership structure and performance in an emerging market: evidence from Chile",2021,ECONOMIC RESEARCH-EKONOMSKA ISTRAZIVANJA,True,hybrid,https://www.tandfonline.com/doi/pdf/10.1080/1331677X.2020.1820359?needAccess=true,https://www.tandfonline.com/doi/pdf/10.1080/1331677X.2020.1820359?needAccess=true,publishedVersion,cc-by,publisher,
1607,1_DOI_FIRST,10.1016/j.jbusres.2020.04.042,Exploring the role of international R&D activities in the impact of technological and marketing capabilities on SMEs' performance,2021,JOURNAL OF BUSINESS RESEARCH,True,hybrid,https://www.sciencedirect.com/science/article/pii/S014829632030271X,https://www.sciencedirect.com/science/article/pii/S014829632030271X,publishedVersion,cc-by-nc-nd,publisher,
1610,1_DOI_FIRST,10.1016/j.asieco.2021.101298,Outward FDI and efficiency in within-firm resource allocation-Evidence from firm-level data of China,2021,JOURNAL OF ASIAN ECONOMICS,True,green,https://kar.kent.ac.uk/88610/9/Outward%20FDI%20and%20Efficiency%20in%20Within-firm%20Resource%20Allocation%20%E2%80%93Evidence%20from%20the%20Firm%20Level%20Data%20of%20China%28updated%20version%29_SG_130221.pdf,https://kar.kent.ac.uk/88610/9/Outward%20FDI%20and%20Efficiency%20in%20Within-firm%20Resource%20Allocation%20%E2%80%93Evidence%20from%20the%20Firm%20Level%20Data%20of%20China%28updated%20version%29_SG_130221.pdf,acceptedVersion,,repository,
1625,1_DOI_FIRST,10.1057/s41267-021-00429-y,"The dynamic process of pro-market reforms and foreign affiliate performance: When to seek local, subnational, or global help?",2021,JOURNAL OF INTERNATIONAL BUSINESS STUDIES,False,closed,,,,,,
1626,1_DOI_FIRST,10.1080/19186444.2021.1908791,Modelling two-way relationship between innovation and internationalisation: does learning by export matter?,2021,TRANSNATIONAL CORPORATIONS REVIEW,False,closed,,,,,,
1635,1_DOI_FIRST,10.1155/2021/5528972,The Relationship between Extent of Internationalization and Firm Performance (Taiwan 1992-2017),2021,MATHEMATICAL PROBLEMS IN ENGINEERING,True,hybrid,https://downloads.hindawi.com/journals/mpe/2021/5528972.pdf,https://downloads.hindawi.com/journals/mpe/2021/5528972.pdf,publishedVersion,cc-by,publisher,
1638,1_DOI_FIRST,10.1016/j.ibusrev.2020.101732,"Risk management, legitimacy, and the overseas subsidiary performance of emerging market MNEs",2021,INTERNATIONAL BUSINESS REVIEW,True,green,,https://linkinghub.elsevier.com/retrieve/pii/S0969593120300779,submittedVersion,cc-by-nc-nd,repository,
1644,1_DOI_FIRST,10.1111/twec.13153,International activities and innovation: Evidence from Italy with a special regressor approach,2021,WORLD ECONOMY,True,hybrid,https://onlinelibrary.wiley.com/doi/pdfdirect/10.1111/twec.13153,https://onlinelibrary.wiley.com/doi/pdfdirect/10.1111/twec.13153,publishedVersion,cc-by-nc-nd,publisher,
1647,1_DOI_FIRST,10.1108/ejm-04-2019-0309,"International competitive strategies, organizational learning and export performance: a match and mis-match conceptualization",2021,EUROPEAN JOURNAL OF MARKETING,False,closed,,,,,,
1654,1_DOI_FIRST,10.1504/ejim.2021.116703,Riding the storm out: the short- and long-term effects of export promotion on firm performance during an economic downturn,2021,EUROPEAN JOURNAL OF INTERNATIONAL MANAGEMENT,False,closed,,,,,,
1675,1_DOI_FIRST,10.1504/ejim.2021.117522,Testing critical levels in product and geographic diversification: a structural threshold approach,2021,EUROPEAN JOURNAL OF INTERNATIONAL MANAGEMENT,False,closed,,,,,,
1679,1_DOI_FIRST,10.1016/j.techfore.2021.121085,Environmental commitment and innovation as catalysts for export performance in family firms,2021,TECHNOLOGICAL FORECASTING AND SOCIAL CHANGE,True,green,,http://hdl.handle.net/2436/624311,acceptedVersion,cc-by-nc-nd,repository,
1709,1_DOI_FIRST,10.35611/jkt.2021.25.7.1,Degree of Internationalization and Performance of High-tech Small and Medium-sized Enterprises: Evidence from Korea,2021,JOURNAL OF KOREA TRADE,False,closed,,,,,,
1724,1_DOI_FIRST,10.7206/cemj.2658-0845.59,Does Psychic Distance Still Matter? Empirical Evidence from Poland,2021,CENTRAL EUROPEAN MANAGEMENT JOURNAL,True,gold,https://journals.kozminski.edu.pl/system/files/Hauke%20Lopes_0.pdf,https://journals.kozminski.edu.pl/system/files/Hauke%20Lopes_0.pdf,publishedVersion,cc-by,publisher,
2344,1_DOI_FIRST,10.1007/s11573-021-01028-x,Commitment to exporting as an antecedent of organizational skills and firm performance,2021,Journal of Business Economics,True,green,,http://hdl.handle.net/10198/23835,submittedVersion,cc-by,repository,
2347,1_DOI_FIRST,10.1016/j.jbvi.2020.e00210,Unpacking the age at initial internationalization-performance relationship: A meta-analytic investigation,2021,Journal of Business Venturing Insights,False,closed,,,,,,
2349,1_DOI_FIRST,10.1017/mor.2020.39,Performance Effects of Internationalization: Contingency Theory Analysis of Russian Internationalized Firms,2021,Management and Organization Review,False,closed,,,,,,
2350,1_DOI_FIRST,10.24310/ejfbejfb.v11i2.10591,The role of family firms' heterogeneity on the internationalisation and performance relationship,2021,European Journal of Family Business,True,gold,https://revistas.uma.es/index.php/ejfb/article/download/10591/14080,https://revistas.uma.es/index.php/ejfb/article/download/10591/14080,publishedVersion,cc-by-nc-sa,publisher,
2353,1_DOI_FIRST,10.1504/ijbir.2021.116382,The effect of innovation on the financial performance and export intensity of firms in emerging countries,2021,International Journal of Business Innovation and Research,False,closed,,,,,,
2355,1_DOI_FIRST,10.33403/rigeo.800652,Global Trading of Electronic Component in Indonesia Manufacturing Industry,2021,Review of International Geographical Education Online,,,,,,,,HTTP 404
476,1_DOI_FIRST,10.21002/seam.v14i2.11771,Do Export Activities Improve Small Firm Performance? Evidence from Indonesia,2020,SOUTH EAST ASIAN JOURNAL OF MANAGEMENT,True,gold,,https://doi.org/10.21002/seam.v14i2.11771,publishedVersion,cc-by-sa,publisher,
474,1_DOI_FIRST,10.1016/j.jbusres.2019.10.074,Exploring the exporting-downsizing link: Does the type of export strategy and firm efficiency in foreign markets matter?,2020,JOURNAL OF BUSINESS RESEARCH,True,green,,http://hdl.handle.net/10016/33635,submittedVersion,cc-by-nc-nd,repository,
1402,1_DOI_FIRST,10.1080/00036846.2019.1659501,The impact of OFDI on the performance of Chinese firms along the 'Belt and Road',2020,APPLIED ECONOMICS,False,closed,,,,,,
1403,1_DOI_FIRST,10.1111/twec.12848,"Bank credit, public financial incentives, tax financial incentives and export performance during the global financial crisis",2020,WORLD ECONOMY,False,closed,,,,,,
1433,1_DOI_FIRST,10.1111/twec.12892,"Trading activities, productivity and markups: Evidence for Spanish manufacturing",2020,WORLD ECONOMY,True,green,https://roderic.uv.es/bitstreams/c2c597b0-342e-4d8b-8c3c-b0510bc080b6/download,https://roderic.uv.es/bitstreams/c2c597b0-342e-4d8b-8c3c-b0510bc080b6/download,submittedVersion,cc-by-nc,repository,
1446,1_DOI_FIRST,10.1016/j.ribaf.2019.101099,Do foreign investments increase firm value and firm performance? Evidence from Japan,2020,RESEARCH IN INTERNATIONAL BUSINESS AND FINANCE,False,closed,,,,,,
1454,1_DOI_FIRST,10.1108/md-01-2018-0104,The effect of inter- and intra-regional geographic diversification strategies on firm performance in China,2020,MANAGEMENT DECISION,False,closed,,,,,,
1469,1_DOI_FIRST,10.1108/mbr-09-2019-0104,Foreign venture capital firms and internationalization of ventures,2020,MULTINATIONAL BUSINESS REVIEW,False,closed,,,,,,
1475,1_DOI_FIRST,10.1080/19761597.2020.1726781,Dynamic process: international diversification and innovation performance from emerging economies,2020,ASIAN JOURNAL OF TECHNOLOGY INNOVATION,False,closed,,,,,,
1478,1_DOI_FIRST,10.1016/j.jhtm.2020.01.002,"Family involvement, internationalisation and performance: An empirical study of the Spanish hotel industry",2020,JOURNAL OF HOSPITALITY AND TOURISM MANAGEMENT,False,closed,,,,,,
1505,1_DOI_FIRST,10.1016/j.ijhm.2020.102461,The relationship between board diversity and firm performance in the lodging industry: The moderating role of internationalization,2020,INTERNATIONAL JOURNAL OF HOSPITALITY MANAGEMENT,False,closed,,,,,,
1506,1_DOI_FIRST,10.1108/ijse-03-2019-0198,Human capital and export performance of small and medium enterprises in Pakistan,2020,INTERNATIONAL JOURNAL OF SOCIAL ECONOMICS,False,closed,,,,,,
1540,1_DOI_FIRST,10.5267/j.dsl.2020.7.001,The existence of W-shaped relationship between internationalization and firm performance: An empirical study of enterprises in Cameroon,2020,DECISION SCIENCE LETTERS,True,gold,https://doi.org/10.5267/j.dsl.2020.7.001,https://doi.org/10.5267/j.dsl.2020.7.001,publishedVersion,cc-by,publisher,
1551,1_DOI_FIRST,10.1177/0007650318816957,When Does Corporate Social Performance Pay for International Firms?,2020,BUSINESS & SOCIETY,True,bronze,https://journals.sagepub.com/doi/pdf/10.1177/0007650318816957,https://journals.sagepub.com/doi/pdf/10.1177/0007650318816957,publishedVersion,,publisher,
1554,1_DOI_FIRST,10.13106/jafeb.2020.vol7.no11.357,The S-Shaped Relationship Between internationalization and Performance: Empirical Evidence from Laos,2020,JOURNAL OF ASIAN FINANCE ECONOMICS AND BUSINESS,True,gold,http://koreascience.or.kr:80/article/JAKO202032462596978.pdf,http://koreascience.or.kr:80/article/JAKO202032462596978.pdf,publishedVersion,,publisher,
1590,1_DOI_FIRST,10.1016/j.intman.2020.100779,Modelling the effects of institutional support and international knowledge on competitive capabilities and international performance: Evidence from an emerging economy,2020,JOURNAL OF INTERNATIONAL MANAGEMENT,False,closed,,,,,,
1629,1_DOI_FIRST,10.1177/0972262920955007,Automotive Components Industry and Profitability Factors: Evidence from India,2020,VISION-THE JOURNAL OF BUSINESS PERSPECTIVE,False,closed,,,,,,
1697,1_DOI_FIRST,10.1007/s40812-020-00156-9,"Investments, export entry and export intensity in small manufacturing firms",2020,JOURNAL OF INDUSTRIAL AND BUSINESS ECONOMICS,False,closed,,,,,,
2358,1_DOI_FIRST,10.1108/jbim-05-2019-0197,"International experience, commitment, distribution adaptation and performance: a study of Ghanaian firms in B2B export markets",2020,Journal of Business and Industrial Marketing,True,green,,https://figshare.com/articles/journal_contribution/International_experience_commitment_distribution_adaptation_and_performance_a_study_of_Ghanaian_firms_in_B2B_export_markets/11733303,submittedVersion,cc-by-nc-nd,repository,
2363,1_DOI_FIRST,10.5267/j.ac.2020.9.006,The moderating effects of managers’ experience and gender on internationalization and firm performance of manufacturing enterprises in Turkey,2020,Accounting,True,gold,https://doi.org/10.5267/j.ac.2020.9.006,https://doi.org/10.5267/j.ac.2020.9.006,publishedVersion,cc-by,publisher,
2364,1_DOI_FIRST,10.1504/ijgsb.2020.109154,Internationalisation strategies and firms' performance. A co-evolutionary study on Italian SMEs,2020,International Journal of Globalisation and Small Business,False,closed,,,,,,
2368,1_DOI_FIRST,10.31838/jcr.07.11.94,A region-wise analysis of export performance of msme sector in India and its determinants,2020,Journal of Critical Reviews,,,,,,,,HTTP 404
477,1_DOI_FIRST,10.1177/1069031x19848425,Do Export Learning Processes Affect Sales Growth in Exporting Activities?,2019,JOURNAL OF INTERNATIONAL MARKETING,True,green,https://ueaeprints.uea.ac.uk/id/eprint/70585/1/Assadinia_et_al_JIM_2019.pdf,https://ueaeprints.uea.ac.uk/id/eprint/70585/1/Assadinia_et_al_JIM_2019.pdf,submittedVersion,,repository,
479,1_DOI_FIRST,10.1111/twec.12807,Detecting learning-by-exporting effects on firms' productivity distribution by accounting for heterogeneous macrofactors and panel attrition,2019,WORLD ECONOMY,False,closed,,,,,,
528,1_DOI_FIRST,10.1002/gsj.1166,The role of international institutional complexity on emerging market multinational companies' innovation,2019,GLOBAL STRATEGY JOURNAL,True,green,,https://repository.ceibs.cn/en/publications/add6d7d2-97c9-4ec8-849b-8312a02d9b15,submittedVersion,cc-by-nc-nd,repository,
1328,1_DOI_FIRST,10.1002/tie.21991,Geographic export diversification: Determinants and their link with export performance,2019,THUNDERBIRD INTERNATIONAL BUSINESS REVIEW,False,closed,,,,,,
1341,1_DOI_FIRST,10.3846/jbem.2019.6928,INTER-RELATIONSHIP BETWEEN FIRM GROWTH AND PROFITABILITY IN A CONTEXT OF ECONOMIC CRISIS,2019,JOURNAL OF BUSINESS ECONOMICS AND MANAGEMENT,True,gold,https://journals.vgtu.lt/index.php/JBEM/article/download/6928/6993,https://journals.vgtu.lt/index.php/JBEM/article/download/6928/6993,publishedVersion,cc-by,publisher,
1350,1_DOI_FIRST,10.1080/09638199.2019.1603319,Human capital and exports: A micro-level analysis of transition countries,2019,JOURNAL OF INTERNATIONAL TRADE & ECONOMIC DEVELOPMENT,True,green,,https://pureportal.coventry.ac.uk/en/publications/c33741c0-b5b1-4ff5-aa87-07ab0a9d8b7c,publishedVersion,other-oa,repository,
1358,1_DOI_FIRST,10.1177/0973174119839878,International Trade and Productivity Growth in Indian Industry: Evidence from the Organized Manufacturing Sector,2019,JOURNAL OF SOUTH ASIAN DEVELOPMENT,True,bronze,https://journals.sagepub.com/doi/pdf/10.1177/0973174119839878,https://journals.sagepub.com/doi/pdf/10.1177/0973174119839878,publishedVersion,,publisher,
1364,1_DOI_FIRST,10.1177/2158244019858444,Financial Support and Growth of Township and Village Enterprises in China: Fresh Evidence From Regional Analyses,2019,SAGE OPEN,True,gold,https://journals.sagepub.com/doi/pdf/10.1177/2158244019858444,https://journals.sagepub.com/doi/pdf/10.1177/2158244019858444,publishedVersion,cc-by,publisher,
1383,1_DOI_FIRST,10.1080/09585192.2017.1359793,Internationalization of Chinese banking and financial institutions: a fuzzy-set analysis of the leader-TMT dynamics,2019,INTERNATIONAL JOURNAL OF HUMAN RESOURCE MANAGEMENT,True,green,,https://figshare.com/articles/journal_contribution/Internationalization_of_Chinese_banking_and_financial_institutions_a_fuzzy-set_analysis_of_the_leader-TMT_dynamics/27569856,submittedVersion,cc-by,repository,
1391,1_DOI_FIRST,10.1002/gsj.1183,Relationship between international experience and innovation performance: The importance of organizational learning for EMNEs,2019,GLOBAL STRATEGY JOURNAL,False,closed,,,,,,
1397,1_DOI_FIRST,10.1142/s219456591950009x,"PERFORMANCE OF INDIAN CEMENT INDUSTRY: DRIVERS, MODELS AND EMPIRICS",2019,GLOBAL ECONOMY JOURNAL,False,closed,,,,,,
1401,1_DOI_FIRST,10.1177/1042258718779586,African Business Groups: How Does Group Affiliation Improve SMEs' Export Intensity?,2019,ENTREPRENEURSHIP THEORY AND PRACTICE,False,closed,,,,,,
1425,1_DOI_FIRST,10.1108/mbr-09-2018-0061,Impacts of dynamic managerial capability and international opportunity identification on firm performance,2019,MULTINATIONAL BUSINESS REVIEW,False,closed,,,,,,
1428,1_DOI_FIRST,10.1016/j.intman.2019.100687,The effects of international diversification on the link between product diversification and performance in a boom and bust cycle: Evidence from Spanish firms (1994-2014),2019,JOURNAL OF INTERNATIONAL MANAGEMENT,False,closed,,,,,,
1434,1_DOI_FIRST,10.13106/jafeb.2019.vol6.no4.37,Export Performance and Stock Return: A Case of Fishery Firms Listing in Vietnam Stock Markets,2019,JOURNAL OF ASIAN FINANCE ECONOMICS AND BUSINESS,True,gold,http://koreascience.or.kr:80/article/JAKO201915658234165.pdf,http://koreascience.or.kr:80/article/JAKO201915658234165.pdf,publishedVersion,,publisher,
1474,1_DOI_FIRST,10.35611/jkt.2019.23.7.156,The Effects of International Entrepreneurial Orientation and Entrepreneurial Activities on SMEs' Export Performance,2019,JOURNAL OF KOREA TRADE,False,closed,,,,,,
1501,1_DOI_FIRST,10.1108/igdr-10-2018-0108,Trade liberalization and productivity of Indian manufacturing firms,2019,INDIAN GROWTH AND DEVELOPMENT REVIEW,False,closed,,,,,,
2378,1_DOI_FIRST,10.1556/204.2019.41.1.4,"Survival, growth, and performance of Hungarian international new ventures",2019,Society and Economy,True,gold,https://akjournals.com/downloadpdf/journals/204/41/1/article-p47.pdf,https://akjournals.com/downloadpdf/journals/204/41/1/article-p47.pdf,publishedVersion,cc-by,publisher,
2379,1_DOI_FIRST,10.15722/jds.17.07.201907.45,Does multinationality matter the firm performance?,2019,Journal of Distribution Science,,,,,,,,HTTP 404
481,1_DOI_FIRST,10.1080/1351847x.2017.1421246,"Foreign currency borrowing, exports and firm performance: evidence from a currency crisis",2018,EUROPEAN JOURNAL OF FINANCE,True,green,,http://eprints.nottingham.ac.uk/48843/,submittedVersion,cc-by,repository,
480,1_DOI_FIRST,10.1016/j.qref.2017.11.015,"Exporting, access of foreign technology, and firms' performance: Searching the link in Indian manufacturing",2018,QUARTERLY REVIEW OF ECONOMICS AND FINANCE,False,closed,,,,,,
1204,1_DOI_FIRST,10.1111/twec.12530,The great trade collapse and the Spanish export miracle: Firm-level evidence from the crisis,2018,WORLD ECONOMY,False,closed,,,,,,
1210,1_DOI_FIRST,10.1108/ribs-06-2017-0050,Export promotion programmes for assisting SMEs,2018,REVIEW OF INTERNATIONAL BUSINESS AND STRATEGY,False,closed,,,,,,
1211,1_DOI_FIRST,10.1057/s41291-018-0036-8,Internationalization and performance of Korean SMEs: the moderating role of competitive strategy,2018,ASIAN BUSINESS & MANAGEMENT,False,closed,,,,,,
1219,1_DOI_FIRST,10.1002/tie.21956,Foreign subsidiaries' status: Distinctive determinants and implications for subsidiary performance,2018,THUNDERBIRD INTERNATIONAL BUSINESS REVIEW,False,closed,,,,,,
1226,1_DOI_FIRST,10.15678/eber.2018.060203,"Export Intensity, Geographic Diversification and the Role of Public Support: The Evidence from Old and New Europe SMEs",2018,ENTREPRENEURIAL BUSINESS AND ECONOMICS REVIEW,True,gold,https://www.gov.uk/government/uploads/system/uploads/attachment_data/file/473293/2013_Extensive_Intensive_margins_FINAL_03_Dec_13.pdf,https://www.gov.uk/government/uploads/system/uploads/attachment_data/file/473293/2013_Extensive_Intensive_margins_FINAL_03_Dec_13.pdf,publishedVersion,cc-by-nd,publisher,
1233,1_DOI_FIRST,10.1108/jabs-06-2016-0082,Does guanxi influence product performance and customer loyalty?,2018,JOURNAL OF ASIA BUSINESS STUDIES,False,closed,,,,,,
1236,1_DOI_FIRST,10.1111/emre.12144,Firm Heterogeneity and Performance in a Turbulent Economic Environment: Evidence from Greece,2018,EUROPEAN MANAGEMENT REVIEW,False,closed,,,,,,
1238,1_DOI_FIRST,10.1108/jrme-03-2016-0005,SMEs' marketing performance: the mediating role of market entry capability,2018,JOURNAL OF RESEARCH IN MARKETING AND ENTREPRENEURSHIP,False,closed,,,,,,
1239,1_DOI_FIRST,10.1108/ebr-07-2016-0099,International new ventures and firm performance: evidence from India,2018,EUROPEAN BUSINESS REVIEW,False,closed,,,,,,
1255,1_DOI_FIRST,10.1002/bse.2044,Signaling good by doing good: How does environmental corporate social responsibility affect international expansion?,2018,BUSINESS STRATEGY AND THE ENVIRONMENT,False,closed,,,,,,
1258,1_DOI_FIRST,10.1177/0266242618775169,Disentangling the effects of post-entry speed of internationalisation on export performance of INVs,2018,INTERNATIONAL SMALL BUSINESS JOURNAL-RESEARCHING ENTREPRENEURSHIP,True,green,https://publications.aston.ac.uk/id/eprint/37452/1/Manuscript.pdf,https://publications.aston.ac.uk/id/eprint/37452/1/Manuscript.pdf,submittedVersion,,repository,
1260,1_DOI_FIRST,10.1016/j.jbusres.2018.02.025,International diversification and firm performance in the post-acquisition period: A resource dependence perspective,2018,JOURNAL OF BUSINESS RESEARCH,False,closed,,,,,,
1275,1_DOI_FIRST,10.1007/s11575-018-0358-y,The Impact of Managers' Global Orientation on SME Export and Economic Performance,2018,MANAGEMENT INTERNATIONAL REVIEW,False,closed,,,,,,
1280,1_DOI_FIRST,10.1108/ijoa-04-2017-1149,Corporate diversification and firm performance: an empirical investigation of causality,2018,INTERNATIONAL JOURNAL OF ORGANIZATIONAL ANALYSIS,False,closed,,,,,,
1288,1_DOI_FIRST,10.1108/jkm-07-2017-0267,Key drivers of SMEs export performance: the mediating effect of competitive advantage,2018,JOURNAL OF KNOWLEDGE MANAGEMENT,False,closed,,,,,,
1294,1_DOI_FIRST,10.1177/1042258718795318,"Slack, Innovation, and Export Intensity: Implications for Small- and Medium-Sized Enterprises",2018,ENTREPRENEURSHIP THEORY AND PRACTICE,False,closed,,,,,,
1318,1_DOI_FIRST,10.1002/bse.2228,Environmental innovation inertia: Analyzing the business circumstances for environmental process and product innovations,2018,BUSINESS STRATEGY AND THE ENVIRONMENT,False,closed,,,,,,
2386,1_DOI_FIRST,10.1080/10599231.2018.1525248,International Export Orientation and Firm’s Performance: Evidence from Enterprise Survey Data of India,2018,Journal of Asia Pacific Business,False,closed,,,,,,
2388,1_DOI_FIRST,10.1016/j.inteco.2017.10.006,Productivity and wage premiums: Evidence from Vietnamese ordinary and processing exporters,2018,International Economics,False,closed,,,,,,
2389,1_DOI_FIRST,10.12660/joscmv11n1p53-63,Internationalization patterns and their effects on company performance,2018,Journal of Operations and Supply Chain Management,True,gold,http://bibliotecadigital.fgv.br/ojs/index.php/joscm/article/download/72200/pdf_51,http://bibliotecadigital.fgv.br/ojs/index.php/joscm/article/download/72200/pdf_51,publishedVersion,cc-by,publisher,
2394,1_DOI_FIRST,10.35808/ersj/1104,"Financial assistance, marketing assistance and export commitment to improve export performance",2018,European Research Studies Journal,True,gold,https://www.ersj.eu/journal/1104/download,https://www.ersj.eu/journal/1104/download,publishedVersion,,publisher,
482,1_DOI_FIRST,10.1177/0149206315573998,A Multimediation Model of Learning by Exporting: Analysis of Export-Induced Productivity Gains,2017,JOURNAL OF MANAGEMENT,False,closed,,,,,,
483,1_DOI_FIRST,10.1504/ijbe.2017.10006208,"Distances, multinational organisational learning, and firm performance: a new perspective",2017,INTERNATIONAL JOURNAL OF BUSINESS ENVIRONMENT,False,closed,,,,,,
1135,1_DOI_FIRST,10.1111/1468-0106.12206,"Market Efficiency, Heterogeneous Trade Costs and Export-Only Firms",2017,PACIFIC ECONOMIC REVIEW,False,closed,,,,,,
1148,1_DOI_FIRST,10.1108/cg-05-2016-0110,Financial dimension of internationalization: serving two masters,2017,CORPORATE GOVERNANCE-THE INTERNATIONAL JOURNAL OF BUSINESS IN SOCIETY,False,closed,,,,,,
1160,1_DOI_FIRST,10.1057/s41291-017-0018-2,Innovation strategy and export intensity of Chinese SMEs: the moderating role of the home-country business environment,2017,ASIAN BUSINESS & MANAGEMENT,False,closed,,,,,,
1161,1_DOI_FIRST,10.1287/isre.2017.0689,"Information Technology, Revenues, and Profits: Exploring the Role of Foreign and Domestic Operations",2017,INFORMATION SYSTEMS RESEARCH,False,closed,,,,,,
1177,1_DOI_FIRST,10.1108/apjba-12-2016-0113,The impact of within-country and within-firm factors on Japanese foreign subsidiary performance during economic crisis,2017,ASIA-PACIFIC JOURNAL OF BUSINESS ADMINISTRATION,True,green,,https://www.emeraldinsight.com/doi/pdfplus/10.1108/APJBA-12-2016-0113,submittedVersion,other-oa,repository,
1184,1_DOI_FIRST,10.1108/ribs-03-2017-0020,Failure processes of exporting firms: evidence from France,2017,REVIEW OF INTERNATIONAL BUSINESS AND STRATEGY,False,closed,,,,,,
1189,1_DOI_FIRST,10.1016/j.ibusrev.2017.04.004,How personal and organizational drivers impact on SME international performance: The mediating role of organizational innovation,2017,INTERNATIONAL BUSINESS REVIEW,False,closed,,,,,,
1191,1_DOI_FIRST,10.1108/s1745-886220160000011007,NEW FACTS ABOUT BRIC MULTINATIONALS: FROM MACRO TO MICRO EVIDENCE,2017,CHALLENGE OF BRIC MULTINATIONALS,False,closed,,,,,,
1199,1_DOI_FIRST,10.29042/2017-2141-2149,Examining drivers of e-commerce marketing capabilities and their impact on export venture e-commerce performance and export market growth: mediating role of efficiencies,2017,HELIX,True,gold,,https://doi.org/10.29042/2017-2141-2149,publishedVersion,,publisher,
1206,1_DOI_FIRST,10.1080/09720502.2017.1382199,Analysis on the factors of Chinese manufacturing enterprises' direct investment abroad based on Probit model,2017,JOURNAL OF INTERDISCIPLINARY MATHEMATICS,False,closed,,,,,,
1242,1_DOI_FIRST,10.1007/978-981-10-4536-3_12,Export Performance of SMEs in the Rwandan Mining Sector: Challenges and Prospects,2017,"MANAGEMENT CHALLENGES IN DIFFERENT TYPES OF AFRICAN FIRMS: PROCESSES, PRACTICES AND PERFORMANCE",False,closed,,,,,,
1299,1_DOI_FIRST,10.1080/00472336.2017.1346697,Huawei and ZTE in Malaysia: The Localisation of Chinese Transnational Enterprises,2017,JOURNAL OF CONTEMPORARY ASIA,False,closed,,,,,,
2395,1_DOI_FIRST,10.1016/j.inteco.2017.06.004,Internationalization modes and productivity of Italian manufacturing: Some firm-level evidence,2017,International Economics,False,closed,,,,,,
2401,1_DOI_FIRST,10.1177/0007650315576133,The Influence of International Scope on the Relationship Between Patented Environmental Innovations and Firm Performance,2017,Business and Society,False,closed,,,,,,
2404,1_DOI_FIRST,10.1504/ijgsb.2017.089900,Financial structure effects on export intensity and diversification: The case of Portuguese industrial firms,2017,International Journal of Globalisation and Small Business,False,closed,,,,,,
2405,1_DOI_FIRST,10.1108/ijwbr-10-2016-0034,Internationalization vs family ownership and management: the case of Portuguese wine firms,2017,International Journal of Wine Business Research,True,green,,http://hdl.handle.net/11328/1852,submittedVersion,other-oa,repository,
1041,1_DOI_FIRST,10.1177/0266242614539364,Cultural intelligence and export performance of small and medium enterprises in Thailand: Mediating roles of organizational capabilities,2016,INTERNATIONAL SMALL BUSINESS JOURNAL-RESEARCHING ENTREPRENEURSHIP,False,closed,,,,,,
1044,1_DOI_FIRST,10.1007/s11365-014-0328-1,Unpacking the relationship between young ventures' international learning effort and performance in the context of an emerging economy,2016,INTERNATIONAL ENTREPRENEURSHIP AND MANAGEMENT JOURNAL,False,closed,,,,,,
1058,1_DOI_FIRST,10.1016/j.mulfin.2015.12.001,Short- and long-run effects of internationalization and R&D intensity on firm performance,2016,JOURNAL OF MULTINATIONAL FINANCIAL MANAGEMENT,False,closed,,,,,,
1061,1_DOI_FIRST,10.1080/00036846.2015.1122733,"Interrelationship among foreign presence, domestic sales and export intensity in Chinese manufacturing industries",2016,APPLIED ECONOMICS,False,closed,,,,,,
1064,1_DOI_FIRST,10.1002/gsj.1117,THE EFFECTS OF HOME COUNTRY POLITICAL AND LEGAL INSTITUTIONS ON FIRMS' GEOGRAPHIC DIVERSIFICATION PERFORMANCE,2016,GLOBAL STRATEGY JOURNAL,False,closed,,,,,,
1081,1_DOI_FIRST,10.1016/j.indmarman.2016.01.006,"Export intensity, scope, and destinations: Evidence from Brazil",2016,INDUSTRIAL MARKETING MANAGEMENT,False,closed,,,,,,
1091,1_DOI_FIRST,10.2139/ssrn.2703930,"Capital investment, internationalization, and firm performance: Evidence from Southeast Asian countries",2016,RESEARCH IN INTERNATIONAL BUSINESS AND FINANCE,True,green,,https://doi.org/10.2139/ssrn.2703930,publishedVersion,,repository,
1112,1_DOI_FIRST,10.7441/joc.2016.04.08,What Drives International Competitiveness? An Empirical Test in Emerging Indonesian Market,2016,JOURNAL OF COMPETITIVENESS,True,gold,https://www.cjournal.cz/files/237.pdf,https://www.cjournal.cz/files/237.pdf,publishedVersion,cc-by,publisher,
1115,1_DOI_FIRST,10.1007/s10100-015-0408-5,The effects of top management team composition on SME export performance: an upper echelons perspective,2016,CENTRAL EUROPEAN JOURNAL OF OPERATIONS RESEARCH,False,closed,,,,,,
1119,1_DOI_FIRST,10.1002/gsj.1140,"CATEGORIZING THE LIABILITY OF FOREIGNNESS: OWNERSHIP, LOCATION, AND INTERNALIZATION-SPECIFIC DIMENSIONS",2016,GLOBAL STRATEGY JOURNAL,False,closed,,,,,,
1129,1_DOI_FIRST,10.1108/mbr-08-2015-0037,Intensity and diversity of internationalization among small and medium-sized exporters in China,2016,MULTINATIONAL BUSINESS REVIEW,False,closed,,,,,,
1147,1_DOI_FIRST,10.1108/ribs-01-2014-0016,International diversification and firm's value: evidence from developing nations,2016,REVIEW OF INTERNATIONAL BUSINESS AND STRATEGY,False,closed,,,,,,
2410,1_DOI_FIRST,10.1108/s1571-502720160000029006,The consequences of DE-internationalization: Empirical evidence from Belgium,2016,Advances in International Management,False,closed,,,,,,
2411,1_DOI_FIRST,10.1590/0370-44672014690102,Interconnecting financial performance and internationalization: A case of a rare metal producer,2016,Revista Escola De Minas,True,gold,https://www.scielo.br/j/rem/a/8HV6CWghLbvqwgvYVNLrSwP/?lang=en&format=pdf,https://www.scielo.br/j/rem/a/8HV6CWghLbvqwgvYVNLrSwP/?lang=en&format=pdf,publishedVersion,cc-by,publisher,
2414,1_DOI_FIRST,10.1504/ijbg.2016.078407,Internationalisation and performance of SMEs: Exploring the moderating effects of intangible assets and capital intensity,2016,International Journal of Business and Globalisation,False,closed,,,,,,
2415,1_DOI_FIRST,10.1108/s1569-376720160000017020,Do sectoral and locational factors of Foreign Direct Investment from emerging countries matter for firm performance? The case of Korean firms' FDI in China's service sector,2016,International Finance Review,False,closed,,,,,,
484,1_DOI_FIRST,10.1355/ae32-1e,Does Exporting Spur Firm Productivity? Evidence from Vietnam,2015,JOURNAL OF SOUTHEAST ASIAN ECONOMIES,True,green,,,submittedVersion,,repository,
955,1_DOI_FIRST,10.1504/ejim.2015.069163,Standardisation and adaptation of firms' export marketing strategies in familiar European and non-familiar non-European markets,2015,EUROPEAN JOURNAL OF INTERNATIONAL MANAGEMENT,False,closed,,,,,,
956,1_DOI_FIRST,10.1108/jkm-04-2014-0167,Exploring different cultural configurations: how do they affect subsidiaries' knowledge sharing behaviors?,2015,JOURNAL OF KNOWLEDGE MANAGEMENT,False,closed,,,,,,
984,1_DOI_FIRST,10.1162/asep_a_00356,What Determines Small Champions' Export Performance? Evidence from Korea Firm-Level Data,2015,ASIAN ECONOMIC PAPERS,False,closed,,,,,,
994,1_DOI_FIRST,10.1111/emre.12050,"Start-ups' Internationalization: The Impact of Business Owners' Management Experience, Start-up Experience and Professional Network on Export Intensity",2015,EUROPEAN MANAGEMENT REVIEW,False,closed,,,,,,
1008,1_DOI_FIRST,10.1080/13547860.2015.1054169,"Processing trade, export intensity, and input trade liberalization: evidence from Chinese firms",2015,JOURNAL OF THE ASIA PACIFIC ECONOMY,False,closed,,,,,,
1012,1_DOI_FIRST,10.1007/s10290-015-0224-y,"Foreign market experience, learning by hiring and firm export performance",2015,REVIEW OF WORLD ECONOMICS,False,closed,,,,,,
1013,1_DOI_FIRST,10.1007/s40821-015-0030-4,Innovation and export performance: do young and mature innovative firms differ?,2015,EURASIAN BUSINESS REVIEW,False,closed,,,,,,
2418,1_DOI_FIRST,10.1108/jbim-05-2012-0091,Influence of internationalization orientation on export performance: in the perspective of Malaysian manufacturing firms,2015,Journal of Business and Industrial Marketing,False,closed,,,,,,
2420,1_DOI_FIRST,10.1108/s1571-502720150000028013,Sources of competitiveness and multinationality: Emerging market firms in the electronics industry,2015,Advances in International Management,False,closed,,,,,,
878,1_DOI_FIRST,10.1108/apjml-11-2012-0119,Export performance: multiple predictors and multiple measures approach,2014,ASIA PACIFIC JOURNAL OF MARKETING AND LOGISTICS,False,closed,,,,,,
882,1_DOI_FIRST,10.1108/ebr-02-2013-0030,Is more always better? Risk trade-offs among internationalizing new ventures,2014,EUROPEAN BUSINESS REVIEW,False,closed,,,,,,
889,1_DOI_FIRST,10.1016/j.jwb.2013.10.001,Earliness of internationalization and performance outcomes: Exploring the moderating effects of venture age and international commitment,2014,JOURNAL OF WORLD BUSINESS,False,closed,,,,,,
890,1_DOI_FIRST,10.1111/1467-8551.12019,A Regional Perspective on Multinational Expansion Strategies: Reconsidering the Three-stage Paradigm,2014,BRITISH JOURNAL OF MANAGEMENT,False,closed,,,,,,
893,1_DOI_FIRST,10.1080/09654313.2012.741570,How Do Local Knowledge Spillovers and Experience Affect Export Performance?,2014,EUROPEAN PLANNING STUDIES,False,closed,,,,,,
913,1_DOI_FIRST,10.1016/j.ijhm.2014.02.001,International expansion of US full-service restaurants: Positive and increasing effects on financial performance,2014,INTERNATIONAL JOURNAL OF HOSPITALITY MANAGEMENT,False,closed,,,,,,
915,1_DOI_FIRST,10.1177/0894486513491588,An Empirical Analysis of the Effect of Internationalization on the Performance of Unlisted Family and Nonfamily Firms in Australia,2014,FAMILY BUSINESS REVIEW,False,closed,,,,,,
918,1_DOI_FIRST,10.1177/0266242613497744,Small and medium-sized enterprise internationalisation strategy and performance in times of market turbulence,2014,INTERNATIONAL SMALL BUSINESS JOURNAL-RESEARCHING ENTREPRENEURSHIP,False,closed,,,,,,
920,1_DOI_FIRST,10.1016/j.ibusrev.2013.09.003,Spillovers through backward linkages and the export performance of business services. Evidence from a sample of Italian firms,2014,INTERNATIONAL BUSINESS REVIEW,True,green,,http://hdl.handle.net/10278/3683336,submittedVersion,other-oa,repository,
921,1_DOI_FIRST,10.1016/j.worlddev.2014.02.006,Diaspora Investments and Firm Export Performance in Selected Sub-Saharan African Countries,2014,WORLD DEVELOPMENT,False,closed,,,,,,
963,1_DOI_FIRST,10.1111/emre.12033,Bank Foreign Affiliate Performance in the Face of Pervasive and Arbitrary Corruption,2014,EUROPEAN MANAGEMENT REVIEW,False,closed,,,,,,
1011,1_DOI_FIRST,10.1108/s1745-886220140000009006,NEW ANALYSIS OF MULTINATIONAL ENTERPRISES AND THEIR LINKAGES WITH MARKETS AND INSTITUTIONAL DIVERSITY,2014,"MULTINATIONAL ENTERPRISES, MARKETS AND INSTITUTIONAL DIVERSITY",False,closed,,,,,,
2423,1_DOI_FIRST,10.1002/tie.21649,Do Foreign Firms in China Incur a Liability of Foreignness? The Local Chinese Firms' Perspective,2014,Thunderbird International Business Review,False,closed,,,,,,
2424,1_DOI_FIRST,10.1162/adev_a_00032,The Dragon is flying west: Micro-level evidence of Chinese outward direct investment,2014,Asian Development Review,True,gold,https://www.mitpressjournals.org/doi/pdf/10.1162/ADEV_a_00032,https://www.mitpressjournals.org/doi/pdf/10.1162/ADEV_a_00032,publishedVersion,cc-by,publisher,
2427,1_DOI_FIRST,10.1504/ijpm.2014.064972,Profitable SME internationalisation: The influence of cross-relational and relationship-specific network competence,2014,International Journal of Procurement Management,False,closed,,,,,,
2430,1_DOI_FIRST,10.3280/poli2014-002006,Agglomeration of exporters and productivity spillovers: Firm-level evidence from Italy,2014,Economia E Politica Industriale,False,closed,,,,,,
818,1_DOI_FIRST,10.1108/dlo.2013.08127caa.012,Learning by exporting: Lessons from high-technology SMEs,2013,INTERNATIONAL BUSINESS REVIEW,False,closed,,,,,,
824,1_DOI_FIRST,10.1177/0149206311398135,Geographic and Product Diversification in Charitable Organizations,2013,JOURNAL OF MANAGEMENT,False,closed,,,,,,
839,1_DOI_FIRST,10.1504/ejim.2013.052834,Internationalisation and firm performance: state of empirical research efforts and need for improved approaches,2013,EUROPEAN JOURNAL OF INTERNATIONAL MANAGEMENT,False,closed,,,,,,
840,1_DOI_FIRST,10.1007/s10290-012-0145-y,Using export market performance to evaluate regional preferential policies in China,2013,REVIEW OF WORLD ECONOMICS,True,green,,https://lirias.kuleuven.be/handle/123456789/360421,acceptedVersion,other-oa,repository,
845,1_DOI_FIRST,10.1007/s11187-011-9395-7,The effect of institutional quality on firm export performance in emerging economies: a contingency model of firm age and size,2013,SMALL BUSINESS ECONOMICS,False,closed,,,,,,
847,1_DOI_FIRST,10.1162/asep_a_00206,Foreign Entry and Profitability of Domestic Firms: Evidence from China,2013,ASIAN ECONOMIC PAPERS,False,closed,,,,,,
849,1_DOI_FIRST,10.1057/jibs.2013.21,Liability of country foreignness and liability of regional foreignness: Their effects on geographic diversification and firm performance,2013,JOURNAL OF INTERNATIONAL BUSINESS STUDIES,False,closed,,,,,,
866,1_DOI_FIRST,10.1007/s11575-013-0181-4,"FDI Structure, Investment Specificity, and Multinationality Value under Host Market Uncertainty",2013,MANAGEMENT INTERNATIONAL REVIEW,False,closed,,,,,,
906,1_DOI_FIRST,10.3846/20294913.2013.869513,"OWNERSHIP, TECHNOLOGICAL CAPABILITIES AND EXPORTS OF GARMENT FIRMS IN MYANMAR",2013,TECHNOLOGICAL AND ECONOMIC DEVELOPMENT OF ECONOMY,True,gold,https://journals.vilniustech.lt/index.php/TEDE/article/download/4318/3663,https://journals.vilniustech.lt/index.php/TEDE/article/download/4318/3663,publishedVersion,cc-by,publisher,
2433,1_DOI_FIRST,10.1016/j.jbusres.2013.05.041,Internationalization and performance: A contextual analysis of Indian firms,2013,Journal of Business Research,False,closed,,,,,,
2436,1_DOI_FIRST,10.1007/s11575-013-0180-5,Multinational Performance and the Geography of FDI: Evidence from 46 Countries,2013,Management International Review,False,closed,,,,,,
2438,1_DOI_FIRST,10.1108/ijcoma-03-2013-0029,Firm internationalization and IPO firm performance: The moderating effects of firm ownership structure,2013,International Journal of Commerce and Management,False,closed,,,,,,
2440,1_DOI_FIRST,10.1080/00036846.2012.665597,"Location, internationalization and performance of firms in Italy: A multilevel approach",2013,Applied Economics,True,green,http://hdl.handle.net/2158/605814,http://hdl.handle.net/2158/605814,submittedVersion,other-oa,repository,
2444,1_DOI_FIRST,10.1080/10913211.2013.861229,Financial performance and internationalization in the U.S. restaurant industry: A simultaneous perspective and analysis,2013,Journal of Hospitality Financial Management,True,green,,https://stars.library.ucf.edu/ucfscholar/333,submittedVersion,,repository,
489,1_DOI_FIRST,10.1016/j.ibusrev.2011.02.005,Multinational risk and performance outcomes: Effects of knowledge intensity and industry context,2012,INTERNATIONAL BUSINESS REVIEW,False,closed,,,,,,
490,1_DOI_FIRST,10.1111/j.2042-5805.2012.01045.x,WHY DO MULTINATIONAL FIRMS EXIST? A THEORY NOTE ABOUT THE EFFECT OF MULTINATIONAL EXPANSION ON PERFORMANCE AND RECENT METHODOLOGICAL CRITIQUES,2012,GLOBAL STRATEGY JOURNAL,False,closed,,,,,,
757,1_DOI_FIRST,10.1080/08841241.2012.738716,"Antecedents to the export market orientation of Hungarian higher education institutions, and their export performance consequences",2012,JOURNAL OF MARKETING FOR HIGHER EDUCATION,False,closed,,,,,,
764,1_DOI_FIRST,10.1080/09537325.2012.674672,"Organisational learning capability, product innovation performance and export intensity",2012,TECHNOLOGY ANALYSIS & STRATEGIC MANAGEMENT,True,green,,http://hdl.handle.net/10234/63772,publishedVersion,other-oa,repository,
776,1_DOI_FIRST,10.5172/jmo.2012.18.1.16,"Successor characteristics, change in the degree of firm internationalization, and firm performance: The moderating role of environmental uncertainty",2012,JOURNAL OF MANAGEMENT & ORGANIZATION,False,closed,,,,,,
780,1_DOI_FIRST,10.1002/gsj.1031,THE ROLE OF TERRITORIAL COVERAGE AND PRODUCT DIVERSIFICATION IN THE MULTINATIONALITY-PERFORMANCE RELATIONSHIP,2012,GLOBAL STRATEGY JOURNAL,False,closed,,,,,,
2450,1_DOI_FIRST,10.1080/09603107.2011.626396,Multinationality and the performance of IPOs,2012,Applied Financial Economics,True,green,https://www.research.manchester.ac.uk/portal/en/publications/multinationality-and-the-performance-of-ipos(2fe70de6-08d0-4d50-a51d-f2b8e864d72a).html,https://www.research.manchester.ac.uk/portal/en/publications/multinationality-and-the-performance-of-ipos(2fe70de6-08d0-4d50-a51d-f2b8e864d72a).html,submittedVersion,,repository,
2453,1_DOI_FIRST,10.1504/ijatm.2012.050362,The relationship between internationalisation and firm performance in the global automotive industry: Who benefits? Who not?,2012,International Journal of Automotive Technology and Management,False,closed,,,,,,
712,1_DOI_FIRST,10.1108/09555341111158100,Does market context impact payoffs to internationalization?,2011,EUROPEAN BUSINESS REVIEW,False,closed,,,,,,
728,1_DOI_FIRST,10.1057/abm.2010.32,The effect of multinationality on firm performance: An examination of Japanese service firms,2011,ASIAN BUSINESS & MANAGEMENT,False,closed,,,,,,
730,1_DOI_FIRST,10.1016/j.ibusrev.2010.07.006,The impact of international influence on microbanks' performance: A global survey,2011,INTERNATIONAL BUSINESS REVIEW,True,green,,https://hal.science/hal-05220848,submittedVersion,other-oa,repository,
739,1_DOI_FIRST,10.1002/gsj.5,THE RELATIONSHIP BETWEEN INTERNATIONAL DIVERSIFICATION AND FIRM PERFORMANCE: WHY IT REMAINS A PUZZLE,2011,GLOBAL STRATEGY JOURNAL,False,closed,,,,,,
750,1_DOI_FIRST,10.1016/j.ibusrev.2010.10.003,Linking market orientation to international market selection and international performance,2011,INTERNATIONAL BUSINESS REVIEW,True,green,,https://core.ac.uk/display/41381651,submittedVersion,,repository,
804,1_DOI_FIRST,10.1108/s1064-4857(2011)0000015015,THE BORN GLOBAL ILLUSION AND THE REGIONAL NATURE OF INTERNATIONAL BUSINESS,2011,FUTURE OF FOREIGN DIRECT INVESTMENT AND THE MULTINATIONAL ENTERPRISE,False,closed,,,,,,
2461,1_DOI_FIRST,10.1016/j.intman.2010.12.004,The internationalization and performance of a firm: Moderating effect of a firm's behavior,2011,Journal of International Management,False,closed,,,,,,
2462,1_DOI_FIRST,10.18461/ijfsd.v2i1.216,Internationalization and Firm Performance in Agribusiness: Empirical Evidence from European Cooperatives,2011,International Journal on Food System Dynamics,True,gold,,https://doi.org/10.18461/ijfsd.v2i1.216,publishedVersion,cc-by-nc-nd,publisher,
678,1_DOI_FIRST,10.1504/ijbe.2010.037597,Internationalisation and global competitive advantage: implications for Asian emerging market multinational enterprises,2010,INTERNATIONAL JOURNAL OF BUSINESS ENVIRONMENT,False,closed,,,,,,
686,1_DOI_FIRST,10.1111/j.1540-6520.2009.00365.x,The Impact of Interorganizational Imitation on New Venture International Entry and Performance,2010,ENTREPRENEURSHIP THEORY AND PRACTICE,True,green,https://digitalcommons.butler.edu/cob_papers/90,https://digitalcommons.butler.edu/cob_papers/90,submittedVersion,,repository,
694,1_DOI_FIRST,10.2139/ssrn.959408,The returns to exporting: evidence from UK firms,2010,CANADIAN JOURNAL OF ECONOMICS-REVUE CANADIENNE D ECONOMIQUE,True,green,,https://doi.org/10.2139/ssrn.959408,publishedVersion,,repository,
707,1_DOI_FIRST,10.1111/j.1467-8551.2009.00634.x,"Knowledge Management and Balanced Scorecard Outcomes: Exploring the Importance of Interpretation, Learning and Internationality",2010,BRITISH JOURNAL OF MANAGEMENT,False,closed,,,,,,
2470,1_DOI_FIRST,10.1002/smj.855,Research notes and commentaries the performance implications of intra- and inter-regional geographic diversification,2010,Strategic Management Journal,True,bronze,https://onlinelibrary.wiley.com/doi/pdfdirect/10.1002/smj.855,https://onlinelibrary.wiley.com/doi/pdfdirect/10.1002/smj.855,publishedVersion,,publisher,
2474,1_DOI_FIRST,10.1111/j.1467-9701.2009.01188.x,Exporting and environmental performance: A firm-level productivity analysis,2010,World Economy,False,closed,,,,,,
493,1_DOI_FIRST,10.1016/j.ibusrev.2009.08.002,Exporting and productivity in business services: Evidence from the United States,2009,INTERNATIONAL BUSINESS REVIEW,True,green,https://publications.aston.ac.uk/id/eprint/38591/1/Exporting_and_productivity_in_business_services.pdf,https://publications.aston.ac.uk/id/eprint/38591/1/Exporting_and_productivity_in_business_services.pdf,submittedVersion,,repository,
494,1_DOI_FIRST,10.1016/j.ijhm.2009.04.002,Impact of brand recognition and brand reputation on firm performance: US-based multinational restaurant companies' perspective,2009,INTERNATIONAL JOURNAL OF HOSPITALITY MANAGEMENT,False,closed,,,,,,
650,1_DOI_FIRST,10.1080/13602380701668700,Technological intensities and economic performance: a study of foreign and local electronics firms in Malaysia,2009,ASIA PACIFIC BUSINESS REVIEW,False,closed,,,,,,
663,1_DOI_FIRST,10.1111/j.1467-8551.2007.00558.x,"International Diversification, Business Group Affiliation and Firm Performance: Empirical Evidence from India",2009,BRITISH JOURNAL OF MANAGEMENT,False,closed,,,,,,
670,1_DOI_FIRST,10.1016/j.emj.2009.04.011,The moderating effects of home region orientation on R&D investment and international SME performance: Lessons from Korea,2009,EUROPEAN MANAGEMENT JOURNAL,False,closed,,,,,,
2475,1_DOI_FIRST,10.1016/j.intman.2008.10.002,Causal analysis of the internationalization and performance relationship based on neural networks - advocating the transnational structure,2009,Journal of International Management,False,closed,,,,,,
629,1_DOI_FIRST,10.1111/j.1540-5982.2008.00480.x,Overseas business costs and firm export performance,2008,CANADIAN JOURNAL OF ECONOMICS-REVUE CANADIENNE D ECONOMIQUE,False,closed,,,,,,
630,1_DOI_FIRST,10.1007/s11187-008-9109-y,The export intensity of venture capital backed companies,2008,SMALL BUSINESS ECONOMICS,False,closed,,,,,,
638,1_DOI_FIRST,10.1016/j.jwb.2007.11.009,Internationalization and performance of small- and medium-sized enterprises,2008,JOURNAL OF WORLD BUSINESS,False,closed,,,,,,
2487,1_DOI_FIRST,10.1287/orsc.1070.0341,Alliance portfolio internationalization and firm performance,2008,Organization Science,True,green,,https://papers.ssrn.com/sol3/Delivery.cfm/SSRN_ID1027130_code663947.pdf?abstractid=1027130&mirid=1,submittedVersion,,repository,
2490,1_DOI_FIRST,10.1016/j.omega.2006.06.004,Internationalization and performance: The moderating effects of organizational learning,2008,Omega,False,closed,,,,,,
603,1_DOI_FIRST,10.1108/03090560710821242,"A review of the foundation, international marketing strategies, and performance of international new ventures",2007,EUROPEAN JOURNAL OF MARKETING,False,closed,,,,,,
604,1_DOI_FIRST,10.1108/00251740710746033,Human capital and organizational performance: a study of Egyptian software companies,2007,MANAGEMENT DECISION,False,closed,,,,,,
612,1_DOI_FIRST,10.1016/j.jwb.2006.11.002,The effect of product diversification strategies on the relationship between international diversification and firm performance,2007,JOURNAL OF WORLD BUSINESS,False,closed,,,,,,
614,1_DOI_FIRST,10.1057/palgrave.jibs.8400268,Linking FDI motivation and host economy productivity effects: conceptual and empirical analysis,2007,JOURNAL OF INTERNATIONAL BUSINESS STUDIES,True,green,https://publications.aston.ac.uk/id/eprint/3579/1/Linking_FDI_motivation_and_host_economy_productivity_effects.pdf,https://publications.aston.ac.uk/id/eprint/3579/1/Linking_FDI_motivation_and_host_economy_productivity_effects.pdf,submittedVersion,,repository,
616,1_DOI_FIRST,10.1016/j.jwb.2007.02.004,International diversification and firm performance: Role of information technology investments,2007,JOURNAL OF WORLD BUSINESS,False,closed,,,,,,
617,1_DOI_FIRST,10.1016/j.ibusrev.2007.01.008,The impact of national culture and communication on exporter-distributor relations and on export performance,2007,INTERNATIONAL BUSINESS REVIEW,False,closed,,,,,,
618,1_DOI_FIRST,10.1057/palgrave.abm.9200228,"International expansion path, speed, product diversification and performance among emerging-market MNEs: Evidence from Asia-Pacific multinational companies",2007,ASIAN BUSINESS & MANAGEMENT,False,closed,,,,,,
2491,1_DOI_FIRST,10.1016/j.jwb.2007.06.003,Nature of the relationship between international expansion and performance: The case of emerging market firms,2007,Journal of World Business,False,closed,,,,,,
2494,1_DOI_FIRST,10.1057/palgrave.jibs.8400282,Internationalization and the performance of born-global SMEs: The mediating role of social networks,2007,Journal of International Business Studies,True,green,,https://papers.ssrn.com/sol3/Delivery.cfm/SSRN_ID2260506_code1051326.pdf?abstractid=2260506&mirid=3,submittedVersion,,repository,
2495,1_DOI_FIRST,10.1007/s11575-007-0021-5,An exploration of the relationship between country of origin (COE) and the internationalization-performance paradigm,2007,Management International Review,False,closed,,,,,,
590,1_DOI_FIRST,10.1108/01437720610713530,Can high performance work systems really lead to better performance?,2006,INTERNATIONAL JOURNAL OF MANPOWER,False,closed,,,,,,
593,1_DOI_FIRST,10.1142/9781786349699_0008,Export intensity and plant characteristics: What can we learn from quantile regression?,2006,REVIEW OF WORLD ECONOMICS,False,closed,,,,,,
595,1_DOI_FIRST,10.1016/j.jbusres.2005.08.008,International diversification and firm performance in Mexican firms: A curvilinear relationship?,2006,JOURNAL OF BUSINESS RESEARCH,False,closed,,,,,,
599,1_DOI_FIRST,10.1111/j.1467-8551.2006.00491.x,Economic liberalization and the antecedents of top management teams:: Evidence from Turkish 'big' business,2006,BRITISH JOURNAL OF MANAGEMENT,False,closed,,,,,,
2499,1_DOI_FIRST,10.1300/j037v16n01_05,Profitability of rapid internationalization: The relationship between internationalization intensity and firms' export performance,2006,Journal of Euromarketing,False,closed,,,,,,
2500,1_DOI_FIRST,10.1300/j037v16n01_07,Internationalization and performance: Evidence from spanish firms,2006,Journal of Euromarketing,False,closed,,,,,,
2503,1_DOI_FIRST,10.1300/j482v11n02_05,Does globalizationaffect multinational corporation performance? evidence from developed and developing countries,2006,Journal of Transnational Management,False,closed,,,,,,
2505,1_DOI_FIRST,10.1300/j482v10n04_02,Corporate performance implications of multinationality: The role of firm specific moderators,2006,Journal of Transnational Management,False,closed,,,,,,
582,1_DOI_FIRST,10.1108/1525383x200500003,"Entrepreneurial Strategic Posture, International Diversifi cation, and Firm Performance",2005,MULTINATIONAL BUSINESS REVIEW,False,closed,,,,,,
584,1_DOI_FIRST,10.1080/00128775.2005.11041104,Eastern Germany in the process of catching up - The role of foreign and West German investors in technological renewal,2005,EASTERN EUROPEAN ECONOMICS,False,closed,,,,,,
585,1_DOI_FIRST,10.1080/00220380500092721,Determinants of efficiency in least developed countries: Further evidence from Nepalese manufacturing firms,2005,JOURNAL OF DEVELOPMENT STUDIES,False,closed,,,,,,
573,1_DOI_FIRST,10.1016/j.jm.2004.02.001,The effects of top management team pay and firm internationalization on MNC performance,2004,JOURNAL OF MANAGEMENT,False,closed,,,,,,
579,1_DOI_FIRST,10.1080/0898562042000231929,Internationalization of private firms: environmental turbulence and organizational strategies and resources,2004,ENTREPRENEURSHIP AND REGIONAL DEVELOPMENT,True,green,,https://durham-repository.worktribe.com/output/1540608,submittedVersion,cc-by,repository,
2513,1_DOI_FIRST,10.1007/s10663-004-1419-y,Concentration and multinationality in European manufacturing: What's the effect on productivity?,2004,Empirica,False,closed,,,,,,
2514,1_DOI_FIRST,10.1111/j.0950-0804.2004.00228.x,How domestic and foreign firms differ and why does it matter?,2004,Journal of Economic Surveys,False,closed,,,,,,
2515,1_DOI_FIRST,10.1111/j.1467-9396.2004.00473.x,"Entry, expansion, and intensity in the US export boom, 1987-1992",2004,Review of International Economics,False,closed,,,,,,
2518,1_DOI_FIRST,10.1016/j.ibusrev.2003.05.003,"Empirical approach to the sequential relationships between firm strategy, export activity, and performance in U.S. manufacturing firms",2004,International Business Review,False,closed,,,,,,
497,1_DOI_FIRST,10.1002/smj.357,Geographic scope and multinational enterprise performance,2003,STRATEGIC MANAGEMENT JOURNAL,False,closed,,,,,,
561,1_DOI_FIRST,10.1057/palgrave.jibs.8400003,A three-stage theory of international expansion: the link between multinationality and performance in the service sector,2003,JOURNAL OF INTERNATIONAL BUSINESS STUDIES,False,closed,,,,,,
567,1_DOI_FIRST,10.1057/palgrave.jibs.8400036,The relationship between international diversification and performance in service firms,2003,JOURNAL OF INTERNATIONAL BUSINESS STUDIES,False,closed,,,,,,
2522,1_DOI_FIRST,10.1108/14626000310461231,Company performance and objectives reported by first and multi-generation family companies: A research note,2003,Journal of Small Business and Enterprise Development,True,green,,https://durham-repository.worktribe.com/output/1562938,submittedVersion,cc-by,repository,
2523,1_DOI_FIRST,10.1111/1467-9361.00186,"Exports, returns to scale, and total factor productivity: The case of Taiwanese manufacturing industries",2003,Review of Development Economics,True,green,,https://papers.ssrn.com/sol3/Delivery.cfm/rode_186.pdf?abstractid=411192&mirid=1&type=2,submittedVersion,,repository,
556,1_DOI_FIRST,10.1057/palgrave.jibs.8491006,Multinationality and firm performance: The moderating role of R&D and marketing capabilities,2002,JOURNAL OF INTERNATIONAL BUSINESS STUDIES,False,closed,,,,,,
558,1_DOI_FIRST,10.2307/3872477,How do large depreciations affect firm performance?,2002,IMF STAFF PAPERS,False,closed,,,,,,
560,1_DOI_FIRST,10.1016/s0148-2963(00)00153-3,"Multinationality, global market diversification and profitability among the largest US firms",2002,JOURNAL OF BUSINESS RESEARCH,False,closed,,,,,,
2525,1_DOI_FIRST,10.1016/s0883-9026(01)00080-5,"Multinationality, product diversification, and profitability of emerging US small- and medium-sized enterprises",2002,Journal of Business Venturing,False,closed,,,,,,
2527,1_DOI_FIRST,10.1016/s0897-3660(02)15016-1,"Profitability, multinationality and the investment opportunity set",2002,Advances in International Accounting,False,closed,,,,,,
2528,1_DOI_FIRST,10.1016/s1062-9769(00)00076-4,The evidence from Canadian firms on multinational diversification and performance,2001,Quarterly Review of Economics and Finance,False,closed,,,,,,
2529,1_DOI_FIRST,10.1016/s1474-7979(01)11020-3,Firm internationalization and economic performance: A conceptual synthesis and an empirical assessment of the Chinese experience,2001,Advances in International Marketing,False,closed,,,,,,
2532,1_DOI_FIRST,10.2307/1556420,"International expansion by new venture firms: International diversity, mode of market entry, technological learning, and performance",2000,Academy of Management Journal,False,closed,,,,,,
2533,1_DOI_FIRST,10.1556/aoecon.51.2000-2001.3.4,Foreign capital and economic development in Hungary,2000,Acta Oeconomica,False,closed,,,,,,
2534,1_DOI_FIRST,10.1016/s0148-2963(98)00074-5,The impact of internationalization on the diversification-performance relationship: A replication and extension of prior research,2000,Journal of Business Research,False,closed,,,,,,
545,1_DOI_FIRST,10.1068/a310735,Innovation and profitability of global food firms. Testing for differences in the influence of the home base,1999,ENVIRONMENT AND PLANNING A,False,closed,,,,,,
2537,1_DOI_FIRST,10.1108/03074359910766325,"Multinationality, profitability and firm value",1999,Managerial Finance,False,closed,,,,,,
2539,1_DOI_FIRST,10.1080/13562579908721791,"Globalising capital, localising labour? The discursive manipulation of scale in Philips' struggle for corporate profitability",1999,Space and Polity,False,closed,,,,,,
2541,1_DOI_FIRST,10.1016/s0969-5931(98)00013-4,The effects of the degree of internationalization on firm performance,1998,International Business Review,False,closed,,,,,,
2543,1_DOI_FIRST,10.1108/03074359810765499,Multinationality and profitability: The contingency of the investment opportunity set,1998,Managerial Finance,False,closed,,,,,,
2544,1_DOI_FIRST,10.1023/a:1008288309652,Degree of Multinationality and Financial Performance: A Study of U.S.-Based Multinational Corporations,1998,Review of Quantitative Finance and Accounting,False,closed,,,,,,
538,1_DOI_FIRST,10.2307/256635,Effects of international diversity and product diversity on the performance of multinational firms,1996,ACADEMY OF MANAGEMENT JOURNAL,False,closed,,,,,,
2553,1_DOI_FIRST,10.1177/026624269000800404,Export Behaviour and Attitudes of Small- and Medium-sized Korean Manufacturing Firms,1990,International Small Business Journal,False,closed,,,,,,
2554,1_DOI_FIRST,10.1016/0148-2963(90)90015-6,Influence of firm size on export planning and performance,1990,Journal of Business Research,False,closed,,,,,,
2559,1_DOI_FIRST,10.1057/palgrave.jibs.8490413,Multinationality and Performance among British Manufacturing Companies,1987,Journal of International Business Studies,False,closed,,,,,,
2562,1_DOI_FIRST,10.1111/j.1936-4490.1986.tb00416.x,The Export Performance of Small and Medium‐Sized Canadian Manufacturers,1986,Canadian Journal of Administrative Sciences Revue Canadienne Des Sciences De L Administration,False,closed,,,,,,
2563,1_DOI_FIRST,10.1111/j.1468-2257.1986.tb00055.x,Sub-national foreign export development and its impact on productivity.,1986,Growth Change,False,closed,,,,,,
2567,1_DOI_FIRST,10.1007/bf02696473,"The influence of firm size, industry, nationality, and degree of multinationality on the growth and profitability of the World's largest firms, 1962-1972",1978,Weltwirtschaftliches Archiv,False,closed,,,,,,
