study_id,author,year,candidate_doi,oa_doi,oa_id,oa_title,oa_year,oa_journal,oa_first_author,cited_by_count,is_oa,oa_url,match_method,title_overlap,verify_status,needs_manual_check
S01,Siddharthan & Lall,1982,10.1111/j.1468-0084.1982.mp44001001.x,10.1111/j.1468-0084.1982.mp44001001.x,https://openalex.org/W3167250294,THE RECENT GROWTH OF THE LARGEST US MULTINATIONALS<sup>*</sup>,1982,Oxford Bulletin of Economics and Statistics,N. S. Siddharthan,151,False,,doi,,verified,no
S02,Grant,1987,,,https://openalex.org/W1605073723,Parry and Grant Encyclopaedic Dictionary of International Law,1986,Figshare,J.P. Grant,45,True,,author_year,,author_year_guess,yes
S03,Sambharya,1995,,,,,,,,,,,,,not_found,yes
S04,McDougall & Oviatt,1996,10.1016/0883-9026(95)00081-x,10.1016/0883-9026(95)00081-x,https://openalex.org/W2042672056,"New venture internationalization, strategic change, and performance: A follow-up study",1996,Journal of Business Venturing,Patricia P. McDougall,711,False,,doi,,verified,no
S05,Tallman & Li,1996,,10.2307/40157567,https://openalex.org/W2317054703,Timing of Breeding by Antbirds (Formicariidae) in an Aseasonal Environment in Amazonian Ecuador,1997,Ornithological Monographs,Dan A. Tallman,21,False,,author_year,,author_year_guess,yes
S06,Hitt et al.,1997,,10.5465/amr.1998.533223,https://openalex.org/W1992093709,"Twenty-First-Century Organizations: Business Firms, Business Schools, and the Academy",1998,Academy of Management Review,Michael A. Hitt,119,False,,author_year,,author_year_guess,yes
S07,Wan,1998,,,https://openalex.org/W594750444,Tidally Induced Upwelling in a Semi-Enclosed Basin: Nan Wan Bay,1997,Medical Entomology and Zoology,Hung‐Jen Lee,48,False,,author_year,,author_year_guess,yes
S08,Gomes & Ramaswamy,1999,,,,,,,,,,,,,not_found,yes
S09,Li,2001,,10.1149/1.1467947,https://openalex.org/W2073751755,On the Origin of the Extra Electrochemical Capacity Displayed by MO/Li Cells at Low Potential,2002,Journal of The Electrochemical Society,Stéphane Laruelle,1206,False,,author_year,,author_year_guess,yes
S10,Qian,2002,10.1016/s0883-9026(01)00079-5,10.1016/s0883-9026(01)00080-5,https://openalex.org/W2004669228,"Multinationality, product diversification, and profitability of emerging US small- and medium-sized enterprises",2002,Journal of Business Venturing,Gongming Qian,250,False,,title,1.0,title_match,no
S11,Capar & Kotabe,2003,10.1057/palgrave.jibs.8400036,10.1057/palgrave.jibs.8400036,https://openalex.org/W2062934299,The relationship between international diversification and performance in service firms,2003,Journal of International Business Studies,Nejat Çapar,678,False,,doi,,verified,no
S12,Hsu & Boggs,2003,,10.1097/00003081-200206000-00004,https://openalex.org/W1980909719,Acute Complications of Preeclampsia,2002,Clinical Obstetrics & Gynecology,Errol R. Norwitz,129,False,,author_year,,author_year_guess,yes
S13,Ruigrok & Wagner,2003,,,https://openalex.org/W1537599416,Internationalization and Performance: An Organizational Learning Perspective,2003,Alexandria (UniSG) (University of St.Gallen),Winfried Ruigrok,610,False,,title,1.0,title_match,no
S14,Majocchi & Zucchella,2003,10.1177/0266242603021003001,,,,,International Small Business Journal,,,,,,,not_found,yes
S15,Carpenter & Sanders,2004,10.1016/j.jm.2004.02.001,10.1016/j.jm.2004.02.001,https://openalex.org/W2119134459,The Effects of Top Management Team Pay and Firm Internationalization on MNC Performance,2004,Journal of Management,Mason A. Carpenter,274,False,,doi,,verified,no
S16,Kim et al.,2004,,10.1177/0363546504272687,https://openalex.org/W2012471195,The Kim Test,2005,The American Journal of Sports Medicine,Seung-Ho Kim,235,False,,author_year,,author_year_guess,yes
S17,Lu & Beamish,2004,,10.1016/s0012-821x(04)00012-3,https://openalex.org/W1871734886,The 176Lu decay constant determined by Lu–Hf and U–Pb isotope systematics of Precambrian mafic intrusions,2004,Earth and Planetary Science Letters,Ulf Söderlund,2718,False,,author_year,,author_year_guess,yes
S18,Thomas & Eden,2004,10.1108/1525383x200400005,10.1108/1525383x200400005,https://openalex.org/W1974263639,What is the Shape of the Multinationality‐Performance Relationship?,2004,Multinational Business Review,Douglas E. Thomas,341,False,,doi,,verified,no
S19,Chiao et al.,2006,10.1007/s11187-005-5604-6,10.1007/s11187-005-5604-6,https://openalex.org/W2104637076,"Performance, Internationalization, and Firm-specific Advantages of SMEs in a Newly-Industrialized Economy",2006,Small Business Economics,Yu‐Ching Chiao,187,False,,doi,,verified,no
S20,Elango,2006,10.1108/1525383x200600015,10.1108/1525383x200600015,https://openalex.org/W2088428587,International Channels of Distribution: A Classification System for Analyzing Research Studies,2006,Multinational Business Review,Prescott C. Ensign,9,False,,doi,,doi_mismatch_check,yes
S21,Hsu,2006,,10.1145/1066340.1066343,https://openalex.org/W4238082273,Francis Hsu,2005,Ubiquity,Francis L. K. Hsü,3,False,,author_year,,author_year_guess,yes
S22,Thomas,2006,10.1016/j.jbusres.2005.09.008,10.1016/j.jbusres.2005.08.008,https://openalex.org/W2069433177,International diversification and firm performance in Mexican firms: A curvilinear relationship?,2005,Journal of Business Research,Douglas E. Thomas,138,False,,title_corrected,1.0,title_corrected,no
S23,Chari et al.,2007,10.1016/j.jwb.2007.02.007,10.1016/j.jwb.2007.02.004,https://openalex.org/W2104106867,International diversification and firm performance: Role of information technology investments,2007,Journal of World Business,Murali D.R. Chari,67,False,,title_corrected,1.0,title_corrected,no
S24,Fortanier et al.,2007,10.5465/ambpp.2007.26508474,,https://openalex.org/W2154960297,"Multinational enterprises, institutions and sustainable development",2008,UvA-DARE (University of Amsterdam),Fabienne Fortanier,8,True,https://pure.uva.nl/ws/files/4348340/53445_thesis.pdf,author_year,,author_year_guess,yes
S25,Kumar & Gaur,2007,,10.1002/tie.20217,https://openalex.org/W2019680451,Internationalization and performance of Indian pharmaceutical firms,2008,Thunderbird International Business Review,Vikas Kumar,85,False,,title,0.83,title_match,no
S26,Ruigrok et al.,2007,10.1007/s11575-007-0015-4,10.1007/s11575-007-0020-6,https://openalex.org/W1982977871,The internationalization-performance relationship at Swiss firms: A test of the S-shape and extreme degrees of internationalization,2007,Management International Review,Winfried Ruigrok,225,False,,title,1.0,title_match,no
S27,Richter,2007,,,,,,,,,,,,,not_found,yes
S28,Vilas-Boas & González,2007,,10.1300/j037v16n01_07,https://openalex.org/W2020692143,Internationalization and Performance: Evidence from Spanish Firms,2007,Journal of Euromarketing,Óscar Martín Martín,19,False,,title,1.0,title_match,yes
S29,Bae et al.,2008,10.1108/1525383x200800003,10.1108/1525383x200800003,https://openalex.org/W2026157084,"Multinationality, R&amp;D Intensity, and Firm Performance: Evidence from U.S. Manufacturing Firms",2008,Multinational Business Review,Sung C. Bae,73,False,,doi,,verified,no
S30,Brock & Yaffe,2008,10.1016/j.ibusrev.2008.08.001,10.1016/j.ibusrev.2008.07.003,https://openalex.org/W2012326357,International diversification and performance: The mediating role of implementation,2008,International Business Review,David Brock,51,False,,title_corrected,1.0,title_corrected,no
S31,Kumar & Singh,2008,,10.1002/tie.20217,https://openalex.org/W2019680451,Internationalization and performance of Indian pharmaceutical firms,2008,Thunderbird International Business Review,Vikas Kumar,85,False,,title,1.0,title_match,no
S32,Pangarkar,2008,,10.1159/000325530,https://openalex.org/W1996846689,Fine Needle Aspiration Cytology of a Hydatid Cyst of the Pelvis and Hip Joint,2008,Acta Cytologica,Rupesh N. Wahane,8,False,,author_year,,author_year_guess,yes
S33,Qian et al.,2008,,10.1103/physrevlett.101.089704,https://openalex.org/W2315241371,Qian<i>et al.</i>Reply:,2008,Physical Review Letters,Dong Qian,5,False,,author_year,,author_year_guess,yes
S34,Garbe & Richter,2009,10.1016/j.intman.2009.01.003,10.1016/j.intman.2009.01.003,https://openalex.org/W2084058705,Embracing risk as a core competence: The case of CEMEX,2009,Journal of International Management,Donald R. Lessard,33,False,,doi,,doi_mismatch_check,yes
S35,Gaur & Kumar,2009,10.1111/j.1467-8551.2008.00558.x,10.1111/j.1467-8551.2007.00558.x,https://openalex.org/W2026562796,"International Diversification, Business Group Affiliation and Firm Performance: Empirical Evidence from India<sup>*</sup>",2008,British Journal of Management,Ajai Gaur,279,False,,title,0.92,title_match,no
S36,Pattnaik & Elango,2009,10.1108/1525383x200900012,10.1108/1525383x200900010,https://openalex.org/W2053639316,The Impact of Firm Resources on the Internationalization and Performance Relationship: A Study of Indian Manufacturing Firms,2009,Multinational Business Review,Chinmay Pattnaik,42,False,,title_corrected,1.0,title_corrected,no
S37,Ciszewska-Mlinaric & Mlinaric,2010,10.2478/v10051-010-0017-y,10.2478/v10051-010-0017-y,https://openalex.org/W2131421782,Factors Affecting Reading Speed Measurements of Coloured Web Pages,2010,Organizacija,Mirko Gradišar,2,True,https://www.sciendo.com/pdf/10.2478/v10051-010-0017-y,doi,,doi_mismatch_check,yes
S38,Chao & Kumar,2010,10.1016/j.jwb.2009.04.005,10.1016/j.jwb.2009.04.005,https://openalex.org/W3122505959,The impact of institutional distance on the international diversity–performance relationship,2009,Journal of World Business,Mike Chen‐ho Chao,263,False,,doi,,verified,no
S39,Chen & Hsu,2010,,10.1021/cr1001645,https://openalex.org/W2154903153,Semiconductor-based Photocatalytic Hydrogen Generation,2010,Chemical Reviews,Xiaobo Chen,7727,False,,author_year,,author_year_guess,yes
S40,Pan et al.,2010,,,,,,,,,,,,,not_found,yes
S41,Nielsen,2010,,,,,,,,,,,,,not_found,yes
S42,Chiao & Yang,2011,10.1504/ijesb.2011.043273,10.1038/nature11011,https://openalex.org/W2024663595,Patterns and rates of exonic de novo mutations in autism spectrum disorders,2012,Nature,Benjamin M. Neale,1797,True,http://nrs.harvard.edu/urn-3:HUL.InstRepos:11365694,author_year,,author_year_guess,yes
S43,Endo & Ozaki,2011,10.1057/abm.2011.27,10.1057/abm.2011.27,https://openalex.org/W1980465632,"Innovation policy, competence creation and innovation performance of foreign subsidiaries: The case of South Korea",2011,Asian Business & Management,Axèle Giroud,13,True,https://pure.manchester.ac.uk/ws/files/30261359/POST-PEER-REVIEW-NON-PUBLISHERS.PDF,doi,,doi_mismatch_check,yes
S44,Lin et al.,2011,,10.1016/j.tourman.2010.01.018,https://openalex.org/W1970817342,"Is UNESCO recognition effective in fostering tourism? A comment on Yang, Lin and Han",2010,Tourism Management,Roberto Cellini,149,False,,author_year,,author_year_guess,yes
S45,Zhang & Toppinen,2011,,,https://openalex.org/W2345244325,Zhang Neural Networks and Neural-Dynamic Method,2011,,Yunong Zhang,302,False,,author_year,,author_year_guess,yes
S46,Assaf et al.,2012,10.1016/j.ijhm.2011.05.003,10.1016/j.ijhm.2011.05.003,https://openalex.org/W2089980957,The influence of multiple types of service convenience on behavioral intentions: The mediating role of consumer satisfaction in a Taiwanese leisure setting,2011,International Journal of Hospitality Management,Yi-Wei Chang,133,False,,doi,,doi_mismatch_check,yes
S47,Almodóvar,2012,10.1111/1467-8551.12048,10.1111/1467-8551.12048,https://openalex.org/W1954533327,"Empowering Leadership, Psychological Empowerment and Employee Outcomes: Testing a Multi‐level Mediating Model",2013,British Journal of Management,Kai Hung Fong,223,True,https://onlinelibrary.wiley.com/doi/pdfdirect/10.1111/1467-8551.12048,doi,,doi_mismatch_check,yes
S48,Chang et al.,2012,,10.1126/science.1234414,https://openalex.org/W1970188810,Experimental Observation of the Quantum Anomalous Hall Effect in a Magnetic Topological Insulator,2013,Science,Cui‐Zu Chang,3869,True,https://arxiv.org/pdf/1605.08829,author_year,,author_year_guess,yes
S49,Chen & Tan,2012,,10.1142/s021812741103060x,https://openalex.org/W1972820730,ON THE GLOBAL BOUNDEDNESS OF THE CHEN SYSTEM,2011,International Journal of Bifurcation and Chaos,Ruy Barboza,32,True,http://dx.doi.org/10.1142/S021812741103060X,author_year,,author_year_guess,yes
S50,Li et al.,2012,,10.1039/c1ee01598b,https://openalex.org/W1998062017,Challenges in the development of advanced Li-ion batteries: a review,2011,Energy & Environmental Science,Vinodkumar Etacheri,6648,False,,author_year,,author_year_guess,yes
S51,Pan & Tsai,2012,,,,,,,,,,,,,not_found,yes
S52,Polat & Mutlu,2012,10.1108/09699981211205849,10.16951/iibd.64620,https://openalex.org/W1618138467,ÖRGÜT KÜLTÜRÜ BAĞLAMINDA GÜÇ EĞİLİMİ VE ÖRGÜTSEL BAĞLILIK İLİŞKİSİNDE ÖRGÜTSEL ÖZDEŞLEŞMENİN ARACILIK ROLÜ Mustafa POLAT(,2011,Atatürk Üniversitesi İktisadi ve İdari Bilimler Dergisi,Mustafa Polat,4,False,,author_year,,author_year_guess,yes
S53,Tsao & Chen,2012,10.1007/s10490-010-9240-5,,,,,Asia Pacific Journal of Management,,,,,,,not_found,yes
S54,Fernhaber,2013,10.1016/j.jbusvent.2012.05.002,10.1016/j.jbusvent.2012.05.002,https://openalex.org/W1992354199,International exposure through network relationships: Implications for new venture internationalization,2012,Journal of Business Venturing,Stephanie A. Fernhaber,194,True,https://digitalcommons.butler.edu/cob_papers/270,doi,,verified,no
S55,Hsu et al.,2013,,10.1038/nature12289,https://openalex.org/W2037417031,Observation of trapped light within the radiation continuum,2013,Nature,Chia Wei Hsu,1465,True,https://www.osti.gov/servlets/purl/1382604,author_year,,author_year_guess,yes
S56,Lee,2013,10.1108/ara-09-2012-0061,10.1126/science.1228604,https://openalex.org/W1965464747,Efficient Hybrid Solar Cells Based on Meso-Superstructured Organometal Halide Perovskites,2012,Science,Michael M. Lee,10536,False,,author_year,,author_year_guess,yes
S57,Tsao & Lien,2013,10.1007/s11575-012-0135-1,,,,,Management International Review,,,,,,,not_found,yes
S58,Xiao et al.,2013,,10.3109/13880209.2012.761243,https://openalex.org/W2082565746,Bioactivities and serum pharmacochemistry of<i>Qi-Wei-Xiao-Yan-Tang</i>,2013,Pharmaceutical Biology,Xiao-Yan He,31,True,https://www.tandfonline.com/doi/pdf/10.3109/13880209.2012.761243?needAccess=true,author_year,,author_year_guess,yes
S59,De Jong & van Houten,2014,,10.1038/nprot.2013.084,https://openalex.org/W2011657487,De novo transcript sequence reconstruction from RNA-seq using the Trinity platform for reference generation and analysis,2013,Nature Protocols,Brian J. Haas,9074,True,http://hdl.handle.net/1721.1/85637,author_year,,author_year_guess,yes
S60,Hilmersson,2014,10.1177/0266242613485778,10.1177/0266242613497744,https://openalex.org/W2164101106,Small and medium-sized enterprise internationalisation strategy and performance in times of market turbulence,2013,International Small Business Journal Researching Entrepreneurship,Mikael Hilmersson,127,False,,title,1.0,title_match,no
S61,Graves & Shan,2014,10.1177/0894486513510534,10.1177/0894486513491588,https://openalex.org/W2020989514,An Empirical Analysis of the Effect of Internationalization on the Performance of Unlisted Family and Nonfamily Firms in Australia,2013,Family Business Review,Chris Graves,91,False,,title,1.0,title_match,no
S62,Lee et al.,2014,10.1108/ijchm-05-2012-0073,10.1007/s10894-014-9683-8,https://openalex.org/W2120607443,Plasma Focus Radiative Model: Review of the Lee Model Code,2014,Journal of Fusion Energy,S. Lee,171,False,,author_year,,author_year_guess,yes
S63,Zhou & Wu,2014,10.1016/j.jwb.2013.04.003,10.1016/j.jwb.2013.10.001,https://openalex.org/W2046101357,Earliness of internationalization and performance outcomes: Exploring the moderating effects of venture age and international commitment,2013,Journal of World Business,Lianxi Zhou,166,False,,title_corrected,1.0,title_corrected,no
S64,Nguyen & Rugman,2015,,10.9734/ijpss/2015/18573,https://openalex.org/W3201141488,"Effect of Plant Density on Growth and Yield of Tomato (Solanum lycopersicum L.) at Thai Nguyen, Vietnam",2015,International Journal of Plant & Soil Science,Nguyễn Minh Tuấn,35,True,https://doi.org/10.9734/ijpss/2015/18573,author_year,,author_year_guess,yes
S65,Ren et al.,2015,,10.1007/s12275-015-5046-z,https://openalex.org/W820996411,"Effects of Lactobacillus salivarius Ren on cancer prevention and intestinal microbiota in 1, 2-dimethylhydrazine-induced rat model",2015,The Journal of Microbiology,Ming Zhang,95,False,,author_year,,author_year_guess,yes
S66,Chen et al.,2015,,10.1016/j.ijrefrig.2014.09.008,https://openalex.org/W1983650313,A note on the Chen correlation of saturated flow boiling heat transfer,2014,International Journal of Refrigeration,Weiwei Chen,37,False,,author_year,,author_year_guess,yes
S67,Da Huo & Hung,2015,,10.1590/0102-311x00133213,https://openalex.org/W2097101726,Pesquisa Nascer no Brasil: perfil da mortalidade neonatal e avaliação da assistência à gestante e ao recém-nascido,2014,Cadernos de Saúde Pública,Sônia Lansky,300,True,https://www.scielo.br/j/csp/a/Ss5zQXrmrGrGJvcVMKmJdqR/?lang=pt&format=pdf,author_year,,author_year_guess,yes
S68,Benito-Osorio et al.,2015,10.1016/j.ibusrev.2015.03.003,10.1016/j.ibusrev.2015.03.003,https://openalex.org/W2093195225,"Context, law and reinvestment decisions: Why the transitional periphery differs from other post-state socialist economies",2015,International Business Review,Mehmet Demirbağ,24,True,https://strathprints.strath.ac.uk/52151/1/Demirbag_etal_IBR_2015_The_law_corruption_and_reinvestment_decisions_the_transitional_periphery_in_comparative.pdf,doi,,doi_mismatch_check,yes
S69,Altaf & Shah,2016,,10.18632/oncotarget.6961,https://openalex.org/W2299038317,Tumor suppressor role of microRNA-1296 in triple-negative breast cancer,2016,Oncotarget,Binh Phan,64,True,https://www.oncotarget.com/article/6961/pdf/,author_year,,author_year_guess,yes
S70,Assaf et al.,2016,10.1016/j.annals.2015.12.008,10.1016/j.annals.2015.12.008,https://openalex.org/W2197782008,Tourism and Humour,2015,Annals of Tourism Research,Ulrike Gretzel,30,False,,doi,,doi_mismatch_check,yes
S71,Berry & Kaul,2016,10.1002/smj.2429,10.1002/smj.2429,https://openalex.org/W1958426706,Stepping in and stepping out: Strategic alliance partner reconfiguration and the unplanned termination of complex projects,2015,Strategic Management Journal,René M. Bakker,83,False,,doi,,doi_mismatch_check,yes
S72,Brida et al.,2016,10.1108/ijchm-10-2014-0517,,https://openalex.org/W2402900789,Dynamic relationship between tourism and economic growth in MERCOSUR countries: a nonlinear approach based on asymmetric time series models,2016,Economics bulletin,Juan Gabriel Brida,42,False,,author_year,,author_year_guess,yes
S73,Cantele et al.,2016,,10.1242/jcs.183244,https://openalex.org/W2360618002,Two classes of short intraflagellar transport train with different 3D structures are present in <i>Chlamydomonas</i> flagella,2016,Journal of Cell Science,E. Vannuccini,52,True,https://jcs.biologists.org/content/joces/129/10/2064.full.pdf,author_year,,author_year_guess,yes
S74,Miller et al.,2016,10.1016/j.ibusrev.2015.12.001,10.1016/j.ibusrev.2015.12.003,https://openalex.org/W2203186891,"International intensity, diversity, and distance: Unpacking the internationalization–performance relationship",2015,International Business Review,Stewart R. Miller,88,False,,title_corrected,1.0,title_corrected,no
S75,Mohr & Batsakis,2016,10.1007/s11575-016-0284-7,10.1007/s11575-016-0284-9,https://openalex.org/W2387868036,Internationalization Speed and Firm Performance: A Study of the Market-Seeking Expansion of Retail MNEs,2016,Management International Review,Alexander T. Mohr,92,True,http://bura.brunel.ac.uk/handle/2438/12228,title,1.0,title_match,no
S76,Upadhyayula et al.,2016,10.1108/jibr-10-2015-0087,10.1039/c5sc90020d,https://openalex.org/W2118753578,Correction: Photoinduced dynamics of a cyanine dye: parallel pathways of non-radiative deactivation involving multiple excited-state twisted transients,2015,Chemical Science,Srigokul Upadhyayula,19,True,https://pubs.rsc.org/en/content/articlepdf/2015/sc/c5sc90020d,author_year,,author_year_guess,yes
S77,Borda et al.,2017,10.1016/j.jbusres.2016.11.021,10.1016/j.jbusres.2016.11.006,https://openalex.org/W2552176853,"Firm internationalization, business group diversification and firm performance: The case of Latin American firms",2016,Journal of Business Research,Armando Borda,114,False,,title,1.0,title_match,no
S78,Buckley & Tian,2017,,,,,,,,,,,,,not_found,yes
S79,Ganvir & Dwivedi,2017,10.1108/sajbs-03-2016-0020,10.1007/s11666-017-0682-y,https://openalex.org/W2781898247,The Influence of Heat Treatments on the Porosity of Suspension Plasma-Sprayed Yttria-Stabilized Zirconia Coatings,2018,Journal of Thermal Spray Technology,Johanna Ekberg,34,True,https://link.springer.com/content/pdf/10.1007/s11666-017-0682-y.pdf,author_year,,author_year_guess,yes
S80,Jin et al.,2017,,10.1016/j.agrformet.2018.03.002,https://openalex.org/W2793060057,"Spatio-temporal variation of potential evapotranspiration and climatic drivers in the Jing-Jin-Ji region, North China",2018,Agricultural and Forest Meteorology,Jingyan Han,97,False,,author_year,,author_year_guess,yes
S81,Nosi et al.,2017,10.7433/s102.2017.04,10.7433/s102.2017.04,https://openalex.org/W2746305428,Market-driven or policy-directed quality certification?,2018,Sinergie Italian Journal of Management,Philippos Karipidis,3,True,https://ojs.sijm.it/index.php/sinergie/article/download/66/54/,doi,,doi_mismatch_check,yes
S82,Purkayastha et al.,2017,10.1016/j.jwb.2018.03.006,10.1016/j.jwb.2016.11.004,https://openalex.org/W2551347615,Business group effects on the R&amp;D intensity-internationalization relationship: Empirical evidence from India,2016,Journal of World Business,Saptarshi Purkayastha,91,False,,title_corrected,0.92,title_corrected,no
S83,Abdi & Aulakh,2018,10.1057/s41267-017-0117-9,,,,,Journal of International Business Studies,,,,,,,not_found,yes
S84,Booltink & Saka-Helmhout,2018,10.1111/jsbm.12393,10.1111/jsbm.12393,https://openalex.org/W3125308141,Market Orientation and Performance Measurement System Adoption Impact on Performance in SMEs,2018,Journal of Small Business Management,Aapo Länsiluoto,55,True,http://www.theseus.fi/bitstream/10024/141469/1/Lansiluoto%20Joensuu-Salo%20Varamaki%20Viljamaa%20Market%20orientation.pdf,doi,,doi_mismatch_check,yes
S85,Cho & Lee,2018,,10.1016/s1470-2045(18)30578-3,https://openalex.org/W2900463817,"Interleukin 2 with anti-GD2 antibody ch14.18/CHO (dinutuximab beta) in patients with high-risk neuroblastoma (HR-NBL1/SIOPEN): a multicentre, randomised, phase 3 trial",2018,The Lancet Oncology,Ruth Ladenstein,397,False,,author_year,,author_year_guess,yes
S86,Pouresmaeili et al.,2018,10.1504/ijbg.2018.095267,10.2147/tcrm.s138000,https://openalex.org/W2899811851,A comprehensive overview on osteoporosis and its risk factors,2018,Therapeutics and Clinical Risk Management,Farkhondeh Pouresmaeili,570,True,https://www.dovepress.com/getfile.php?fileID=45951,author_year,,author_year_guess,yes
S87,Hojnik et al.,2018,10.1080/1331677x.2018.1504673,10.17323/2500-2597.2017.3.103.111,https://openalex.org/W2768894959,Eco-Innovation and Firm Efficiency: Empirical Evidence from Slovenia,2017,Foresight-Russia,Jana Hojnik,43,True,https://foresight-journal.hse.ru/data/2017/09/28/1159178022/Manolova 103-111.pdf,author_year,,author_year_guess,yes
S88,Thi Ngoc Huynh et al.,2018,,10.1039/c9nj03556g,https://openalex.org/W2969995276,Ionic liquid-assisted synthesis of dihydropyrimidin(thi)one Biginelli adducts and investigation of their mechanism of urease inhibition,2019,New Journal of Chemistry,Taniris Cafiero Braga,41,False,,author_year,,author_year_guess,yes
S89,Velez-Calle et al.,2018,10.1108/ijoem-11-2016-0298,10.1108/ijoem-11-2016-0298,https://openalex.org/W2806612179,"The influence of political risk, inertia and imitative behavior on the location choice of Chinese multinational enterprises",2018,International Journal of Emerging Markets,Diego Quer,33,False,,doi,,doi_mismatch_check,yes
S90,Zhou,2018,10.1080/00036846.2017.1321839,10.1080/00036846.2017.1321839,https://openalex.org/W2608919160,A study of fractionally integrated time series using descriptive methods,2017,Applied Economics,Steven P. Clark,2,False,,doi,,doi_mismatch_check,yes
S91,Sun et al.,2018,,10.1111/nph.15796,https://openalex.org/W2924562469,Sun‐induced Chl fluorescence and its importance for biophysical modeling of photosynthesis based on light reactions,2019,New Phytologist,Lianhong Gu,298,True,https://nph.onlinelibrary.wiley.com/doi/pdfdirect/10.1111/nph.15796,author_year,,author_year_guess,yes
S92,Feng et al.,2019,,10.18653/v1/2020.findings-emnlp.139,https://openalex.org/W3098605233,CodeBERT: A Pre-Trained Model for Programming and Natural Languages,2020,,Zhangyin Feng,2393,True,https://www.aclweb.org/anthology/2020.findings-emnlp.139.pdf,author_year,,author_year_guess,yes
S93,Juniati et al.,2019,,,https://openalex.org/W2921523097,Students’ silence in the EFL speaking classroom,2018,Eprints (Universitas Negeri Makassar),Sri Juniati,9,True,http://eprints.unm.ac.id/10638/1/ARTICLE.pdf,author_year,,author_year_guess,yes
S94,Lee et al.,2019,10.18178/ijtef.2019.10.3.645,10.18653/v1/n19-1423,https://openalex.org/W2963341956,,2019,"International Journal of Trade, Economics and Finance",Jacob Devlin,32211,True,https://doi.org/10.18653/v1/n19-1423,author_year,,author_year_guess,yes
S95,Meyer et al.,2019,,,,,,,,,,,,,not_found,yes
S96,Tashman et al.,2019,10.1057/s41267-018-0197-4,,https://openalex.org/W3082086707,Gun Violence and LGBT Adults: Findings from the General Social Survey and the Cooperative Congressional Election Survey,2018,eScholarship (California Digital Library),Kerith J. Conron,7,True,https://escholarship.org/uc/item/04c2x4j9,author_year,,author_year_guess,yes
S97,Woo et al.,2019,,10.1136/ejhpharm-2018-001515,https://openalex.org/W2889857382,Assessment of the stability of citrate-buffered flucloxacillin for injection when stored in two commercially available ambulatory elastomeric devices: INfusor LV (Baxter) and Accufuser (Woo Young Medical): a study compliant with the NHS Yellow Cover Document (YCD) requirements,2018,European Journal of Hospital Pharmacy,M.C. Allwood,35,True,https://ejhp.bmj.com/content/ejhpharm/27/2/90.full.pdf,author_year,,author_year_guess,yes
S98,Kim et al.,2020,,10.1002/mp.13784,https://openalex.org/W2969697220,The accuracy and precision of the KIM motion monitoring system used in the multi‐institutional TROG 15.01 Stereotactic Prostate Ablative Radiotherapy with KIM (SPARK) trial,2019,Medical Physics,Emily A. Hewson,23,False,,author_year,,author_year_guess,yes
S99,Phan et al.,2020,,10.5751/es-12625-260319,https://openalex.org/W3197735684,The role of Indigenous peoples and local communities in effective and equitable conservation,2021,Ecology and Society,Neil Dawson,817,True,http://www.ecologyandsociety.org/vol26/iss3/art19/ES-2021-12625.pdf,author_year,,author_year_guess,yes
S100,Tu et al.,2020,,10.2147/ijwh.s205231,https://openalex.org/W2947237444,"&lt;p&gt;Depression and associated factors among infertile women at Tu Du hospital, Vietnam: a cross-sectional study&lt;/p&gt;",2019,International Journal of Women s Health,Vo Minh Tuan,47,True,https://www.dovepress.com/getfile.php?fileID=50153,author_year,,author_year_guess,yes
S101,Freixanet & Rialp,2021,,10.5093/anyes2022a15,https://openalex.org/W4226175389,Estudiar en el extranjero: el papel de la personalidad y el lugar de destino para la óptima adaptación de los estudiantes de intercambio Erasmus,2022,Ansiedad y Estrés,Anna Muro,1,True,https://www.ansiedadyestres.es/sites/default/files/rev/2022/anyes2022a15.pdf,author_year,,author_year_guess,yes
S102,Kongkaew et al.,2021,,10.1038/s41598-020-79237-7,https://openalex.org/W3117339477,The diagnostic accuracy of isothermal nucleic acid point-of-care tests for human coronaviruses: A systematic review and meta-analysis,2020,Scientific Reports,Pakpoom Subsoontorn,86,True,https://www.nature.com/articles/s41598-020-79237-7.pdf,author_year,,author_year_guess,yes
S103,Nath et al.,2021,,10.7324/jabb.2022.105ed,https://openalex.org/W4285586571,Potassium-Solubilizing Microorganisms for Agricultural Sustainability,2022,Journal of Applied Biology & Biotechnology,Ajar Nath Yadav,12,True,https://jabonline.in/admin/php/uploads/828_pdf.pdf,author_year,,author_year_guess,yes
S104,Tu et al.,2021,,,,,,,,,,,,,not_found,yes
S105,Tu,2021,,,,,,,,,,,,,not_found,yes
S106,Tu & Anh,2021,,,,,,,,,,,,,not_found,yes
S107,Song & Lee,2021,,10.1038/s41562-022-01410-x,https://openalex.org/W4285726357,Acoustic regularities in infant-directed speech and song across cultures,2022,Nature Human Behaviour,Courtney B. Hilton,170,True,https://pmc.ncbi.nlm.nih.gov/articles/PMC10101735/pdf/nihms-1882109.pdf,author_year,,author_year_guess,yes
S108,Wei & Lin,2021,,10.1016/j.jhydrol.2020.125287,https://openalex.org/W3043493283,"Identifying drought propagation by simultaneously considering linear and nonlinear dependence in the Wei River basin of the Loess Plateau, China",2020,Journal of Hydrology,Wei Fang,120,False,,author_year,,author_year_guess,yes
S109,Purkayastha & Gupta,2022,10.1016/j.ibusrev.2021.101968,10.1016/j.ibusrev.2021.101968,https://openalex.org/W4200001522,"International network formation, home market institutional support and post-entry performance of international new ventures",2021,International Business Review,Francis Donbesuur,22,True,https://strathprints.strath.ac.uk/79208/1/Donbesuur_etal_IBR_2021_International_network_formation_home_market.pdf,doi,,doi_mismatch_check,yes
S110,Putri & Pan,2022,10.1080/23311975.2022.2079802,10.34305/jmc.v1i02.266,https://openalex.org/W3180114698,HUBUNGAN STATUS GIZI DENGAN KEJADIAN ANEMIA PADA REMAJA PUTRI DI SMP NEGERI 2 GARAWANGI KABUPATEN KUNINGAN,2021,Journal of Midwifery Care,Siti Nurjannah,28,True,https://ejournal.stikku.ac.id/index.php/jmc/article/download/266/238,author_year,,author_year_guess,yes
S111,Daniels & Bracker,1989,10.1017/mor.2020.39,10.1017/mor.2020.39,https://openalex.org/W3112578314,Performance Effects of Internationalization: Contingency Theory Analysis of Russian Internationalized Firms,2020,Management and Organization Review,Desislava Dikova,14,False,,doi,,doi_mismatch_check,yes
S112,"Geringer, Beamish & daCosta",1989,10.2991/aebmr.k.200127.085,10.2991/aebmr.k.200127.085,https://openalex.org/W3006307325,Interdependence Relationship of Internationalization—Performance in Manufacturing Firms Listed in Indonesia Stock Exchange and Chinese Stock Exchanges,2020,,L. Huang,2,True,https://www.atlantis-press.com/article/125933224.pdf,doi,,doi_mismatch_check,yes
S113,"Kim, Hwang & Burgers",1993,10.1108/cr-03-2019-0028,10.1108/cr-03-2019-0028,https://openalex.org/W3013320229,Internationalization and performance of small and medium-sized enterprises from emerging economies,2020,Competitiveness Review An International Business Journal incorporating Journal of Global Competitiveness,Eva Cristina Manotas,24,True,https://repository.eafit.edu.co/bitstreams/bad404f0-9246-4183-9967-ccd6043aac8a/download,doi,,doi_mismatch_check,yes
S114,Sullivan,1994,10.5267/j.dsl.2020.7.001,10.5267/j.dsl.2020.7.001,https://openalex.org/W3085454350,The existence of W-shaped relationship between internationalization and firm performance: An empirical study of enterprises in Cameroon,2020,Decision Science Letters,Anh Tu Phan,9,True,https://doi.org/10.5267/j.dsl.2020.7.001,doi,,doi_mismatch_check,yes
S115,Ramaswamy,1995,10.1061/(asce)me.1943-5479.0000736,10.1061/(asce)me.1943-5479.0000736,https://openalex.org/W2990305248,Relationship between Internationalization and Financial Performance: Evidence from ENR-Listed Chinese Firms,2019,Journal of Management in Engineering,Ge Wang,57,False,,doi,,doi_mismatch_check,yes
S116,Delios & Beamish,1999,10.15678/eber.2021.090206,10.15678/eber.2021.090206,https://openalex.org/W3162555638,Internationalisation motives and the multinationality-performance relationship: The case of Polish firms,2021,Entrepreneurial Business and Economics Review,Krystian Barłożewski,14,True,https://eber.uek.krakow.pl/index.php/eber/article/view/1056/657,doi,,doi_mismatch_check,yes
S117,Lu & Beamish,2001,10.24136/oc.2021.003,10.24136/oc.2021.003,https://openalex.org/W3152947419,"Is internationalisation beneficial for novice internationalisers? The performance effects of firm-specific advantages, internationalisation degree and firm size revisited",2021,Oeconomia Copernicana,Krystian Barłożewski,12,True,http://economic-research.pl/Journals/index.php/oc/article/download/1871/1756,doi,,doi_mismatch_check,yes
S118,"Contractor, Kundu & Hsu",2003,10.1111/1467-8551.12560,10.1111/1467-8551.12560,https://openalex.org/W3209374735,The Degree of Internationalization and Firm Productivity: Empirical Evidence from Large Multinationals,2021,British Journal of Management,Efthymios G. Tsionas,15,False,,doi,,doi_mismatch_check,yes
S119,"Bloodgood, Sapienza & Almeida",1996,10.1155/2021/5528972,10.1155/2021/5528972,https://openalex.org/W3167646571,The Relationship between Extent of Internationalization and Firm Performance (Taiwan 1992–2017),2021,Mathematical Problems in Engineering,Shih-Yung Wei,8,True,https://downloads.hindawi.com/journals/mpe/2021/5528972.pdf,doi,,doi_mismatch_check,yes
S120,Pangarkar & Yuan,2009,10.1371/journal.pone.0263674,10.1371/journal.pone.0263674,https://openalex.org/W4211032097,The dual mechanism of social networks on the relationship between internationalization and firm performance: Empirical evidence from china,2022,PLoS ONE,Xin Cao,10,True,https://doi.org/10.1371/journal.pone.0263674,doi,,doi_mismatch_check,yes
S121,"Gaur, Kumar & Singh",2014,10.1007/s11575-022-00464-3,10.1007/s11575-022-00464-3,https://openalex.org/W4225940243,Turning the Tables: The Relationship Between Performance and Multinationality,2022,Management International Review,Alice Schmuck,8,True,https://link.springer.com/content/pdf/10.1007/s11575-022-00464-3.pdf,doi,,doi_mismatch_check,yes
S122,Luo & Tung,2015,10.2307/1556420,10.2307/1556420,https://openalex.org/W2000910214,"INTERNATIONAL EXPANSION BY NEW VENTURE FIRMS: INTERNATIONAL DIVERSITY, MODE OF MARKET ENTRY, TECHNOLOGICAL LEARNING, AND PERFORMANCE.",2000,Academy of Management Journal,Shaker A. Zahra,2747,False,,doi,,doi_mismatch_check,yes
S123,"García-García, García-Canal & Guillén",2017,10.1509/jmkr.38.1.119.18833,,,,,Journal of Marketing Research,,,,,,,not_found,yes
S124,"Klier, Schwens, Zapkau & Dikova",2017,10.2307/1556406,10.2307/1556406,https://openalex.org/W2135625898,MANAGERIAL TIES AND FIRM PERFORMANCE IN A TRANSITION ECONOMY: THE NATURE OF A MICRO-MACRO LINK.,2000,Academy of Management Journal,Mike W. Peng,2702,False,,doi,,doi_mismatch_check,yes
S125,Arte & Larimo,2022,10.1016/j.jwb.2006.08.004,10.1016/j.jwb.2006.08.004,https://openalex.org/W2151410054,"Cultural tendencies in negotiation: A comparison of Finland, India, Mexico, Turkey, and the United States",2006,Journal of World Business,Lynn E. Metcalf,75,False,,doi,,doi_mismatch_check,yes
S126,"Schmuck, Lagerström & Sallis",2022,10.1111/1540-8520.271003,10.1111/1540-8520.271003,https://openalex.org/W1973119072,Entry Mode Choice of SMEs in Central and Eastern Europe,2002,Entrepreneurship Theory and Practice,George Nakos,215,False,,doi,,doi_mismatch_check,yes
S127,"Bhandari, Zámborský, Ranta & Salo",2023,10.1016/j.ibusrev.2010.02.003,10.1016/j.ibusrev.2010.02.003,https://openalex.org/W2034162273,Toward a model of the relationship between internationalization and export performance,2010,International Business Review,Nicolas Papadopoulos,146,False,,doi,,doi_mismatch_check,yes
S128,Kafouros et al.,2023,,10.1111/jpim.12623,https://openalex.org/W4223934591,Facing the heat: Political instability and firm new product innovation in sub‐Saharan Africa,2022,Journal of Product Innovation Management,Sorin Krammer,42,True,https://doi.org/10.1111/jpim.12623,author_year,,author_year_guess,yes
S129,"Freixanet, Renart & Segarra-Blasco",2022,10.3390/jrfm12030144,10.3390/jrfm12030144,https://openalex.org/W2973156099,"Internationalization, Strategic Slack Resources, and Firm Performance: The Case Study of Vietnamese Enterprises",2019,Journal of risk and financial management,Phuong V. Nguyen,21,True,https://www.mdpi.com/1911-8074/12/3/144/pdf?version=1568117797,doi,,doi_mismatch_check,yes
S130,"Shin, Kim & Seol",2022,10.1080/00472778.2021.1955124,10.1080/00472778.2021.1955124,https://openalex.org/W3193995151,Capabilities and Performance of Early Internationalizing Firms: A Systematic Literature Review,2021,Journal of Small Business Management,Shuijing Jie,53,True,https://www.tandfonline.com/doi/pdf/10.1080/00472778.2021.1955124?needAccess=true,doi,,doi_mismatch_check,yes
S131,Dobbs & Hamilton,2007,10.1016/j.gfj.2022.100753,10.1016/j.gfj.2022.100753,https://openalex.org/W4284683424,Internationalization and firm performance,2022,Global Finance Journal,Napaporn Likitwongkajon,11,False,,doi,,doi_mismatch_check,yes
S132,Almodovar & Rugman,2014,10.1108/ribs-04-2021-0068,,,,,Review of International Business and Strategy,,,,,,,not_found,yes
S133,"Lin, Liu & Cheng",2011,10.1007/s40821-024-00276-5,10.1007/s40821-024-00276-5,https://openalex.org/W4399246959,Internationalization and individual firm performance: a resource-based view,2024,Eurasian Economic Review,Antonio Arbelo,9,True,https://link.springer.com/content/pdf/10.1007/s40821-024-00276-5.pdf,doi,,doi_mismatch_check,yes
S134,Pinheiro-Alves,2011,10.20409/berj.2017321547,,,,,Business and Economics Research Journal,,,,,,,not_found,yes
S135,Guo et al.,2020,10.1007/s10668-026-07324-2,10.1007/s10668-026-07324-2,https://openalex.org/W7128020997,Internationalization channels and firm financial performance among Asia-Pacific Corporations. Does ESG integration in business matter?,2026,Environment Development and Sustainability,Waleed Hussain,0,True,https://link.springer.com/content/pdf/10.1007/s10668-026-07324-2.pdf,doi,,doi_mismatch_check,yes
S136,"Hitt, Hoskisson & Kim",1997,10.2478/foli-2025-0014,10.2478/foli-2025-0014,https://openalex.org/W4411167475,Human Development and Corruption: Analysing Relationships and Management Opportunities Using the OODA Loop,2025,Folia Oeconomica Stetinensia,Olena Stryzhak,0,True,https://doi.org/10.2478/foli-2025-0014,doi,,doi_mismatch_check,yes
S137,Gomes & Ramaswamy,1999,10.1057/s41291-017-0035-9,,,,,Asian Business & Management,,,,,,,not_found,yes
S138,Tallman & Li,1996,,10.2307/40157567,https://openalex.org/W2317054703,Timing of Breeding by Antbirds (Formicariidae) in an Aseasonal Environment in Amazonian Ecuador,1997,Ornithological Monographs,Dan A. Tallman,21,False,,author_year,,author_year_guess,yes
S139,"Aulakh, Kotabe & Teegen",2000,,,https://openalex.org/W3098831698,SO(10) theory of R-parity and neutrino mass,2000,CERN Document Server (European Organization for Nuclear Research),Alejandra Melfo,89,True,http://www.saber.ula.ve/handle/123456789/17043,author_year,,author_year_guess,yes
S140,"Kotabe, Srinivasan & Aulakh",2002,,,https://openalex.org/W569651266,Market revolution in Latin America : beyond Mexico,2001,,Masaaki Kotabe,11,False,,author_year,,author_year_guess,yes
S141,"Denis, Denis & Yost",2002,,,,,,,,,,,,,not_found,yes
S142,Gomez-Mejia & Palich,1997,,,,,,,,,,,,,not_found,yes
S143,Chang & Wang,2007,,,,,,,,,,,,,not_found,yes
S144,Pangarkar,2008,,10.1159/000325530,https://openalex.org/W1996846689,Fine Needle Aspiration Cytology of a Hydatid Cyst of the Pelvis and Hip Joint,2008,Acta Cytologica,Rupesh N. Wahane,8,False,,author_year,,author_year_guess,yes
S145,"Zahra, Ireland & Hitt",2000,,10.5465/amr.2000.3363324,https://openalex.org/W2257102056,Introduction to Special Topic Forum Privatization and Entrepreneurial Transformation: Emerging Issues and a Future Research Agenda.,2000,Academy of Management Review,Shaker A. Zahra,268,False,,author_year,,author_year_guess,yes
S146,Oh & Contractor,2012,,10.5194/acp-12-1541-2012,https://openalex.org/W2115947688,Observation and modelling of OH and HO <sub>2</sub> concentrations in the Pearl River Delta 2006: a missing OH source in a VOC rich atmosphere,2012,Atmospheric chemistry and physics,Keding Lu,402,True,https://acp.copernicus.org/articles/12/1541/2012/acp-12-1541-2012.pdf,author_year,,author_year_guess,yes
S147,"Qian, Li, Li & Qian",2008,,10.1103/physrevlett.101.089704,https://openalex.org/W2315241371,Qian<i>et al.</i>Reply:,2008,Physical Review Letters,Dong Qian,5,False,,author_year,,author_year_guess,yes
S148,Elango & Pattnaik,2007,,10.1016/j.niox.2006.01.008,https://openalex.org/W1997759474,Cerebrovascular protection by various nitric oxide donors in rats after experimental stroke,2006,Nitric Oxide,Mushfiquddin Khan,102,False,,author_year,,author_year_guess,yes
S149,Filatotchev & Piesse,2009,,10.1016/j.ibusrev.2010.01.005,https://openalex.org/W1971257311,Integrating contemporary finance and international business research,2010,International Business Review,Michael Bowe,48,False,,author_year,,author_year_guess,yes
S150,"Geringer, Tallman & Olsen",2000,,,,,,,,,,,,,not_found,yes
S151,Michel & Shaked,1986,,10.2307/2026493,https://openalex.org/W2795956832,Michel Foucault: Beyond Structuralism and Hermeneutics.,1985,The Journal of Philosophy,Ian Hacking,390,False,,author_year,,author_year_guess,yes
S152,Morck & Yeung,1991,,,,,,,,,,,,,not_found,yes
S153,Wan & Hoskisson,2003,,10.1016/j.jep.2004.04.008,https://openalex.org/W1967850881,A Chinese herbal medicine Ermiao wan reduces serum uric acid level and inhibits liver xanthine dehydrogenase and xanthine oxidase in mice,2004,Journal of Ethnopharmacology,Ling Kong,103,False,,author_year,,author_year_guess,yes
S154,"Yiu, Lau & Bruton",2007,,10.1109/tem.2007.900784,https://openalex.org/W2106097679,Behavioral Transition: A Framework for the Construction Conflict--Tension Relationship,2007,IEEE Transactions on Engineering Management,Tak Wing Yiu,36,False,,author_year,,author_year_guess,yes
S155,"Luo, Zhao & Du",2005,,10.1109/tie.2004.825344,https://openalex.org/W2108935192,Positive Output Multiple-Lift Push–Pull Switched-Capacitor Luo-Converters,2004,IEEE Transactions on Industrial Electronics,F.L. Luo,153,False,,author_year,,author_year_guess,yes
S156,"Bobillo, López-Iturriaga & Tejerina-Gaite",2010,,10.1182/blood-2009-07-231449,https://openalex.org/W2015312036,Galectin-5 is bound onto the surface of rat reticulocyte exosomes and modulates vesicle uptake by macrophages,2009,Blood,Céline Barrès,288,True,https://ashpublications.org/blood/article-pdf/115/3/696/1459839/zh800310000696.pdf,author_year,,author_year_guess,yes
S157,Boehe & Cruz,2010,,10.1590/s1413-23112011000100004,https://openalex.org/W1542314694,Papel das relações interorganizacionais e da capacidade de inovação na propensão para exportar,2011,REAd Revista Eletrônica de Administração (Porto Alegre),Dirk Michael Boehe,10,True,https://www.scielo.br/j/read/a/9DKYw6XQzjPsQ5HBmDQWmrS/?lang=pt&format=pdf,author_year,,author_year_guess,yes
S158,Singh & Gaur,2009,,,https://openalex.org/W584691149,Issues in finance and industry : essays in honour of Ajit Singh,2008,Palgrave Macmillan eBooks,Philip Arestis,29,False,,author_year,,author_year_guess,yes
S159,Fernández-Olmos & Díez-Vial,2015,,,,,,,,,,,,,not_found,yes
S160,Lu & Beamish,2006,,10.1007/s00410-006-0128-x,https://openalex.org/W2155773363,Diffusion-limited REE uptake by eclogite garnets and its consequences for Lu–Hf and Sm–Nd geochronology,2006,Contributions to Mineralogy and Petrology,Susanne Skora,211,True,https://serval.unil.ch/notice/serval:BIB_3DED110DD7F8,author_year,,author_year_guess,yes
S161,"Contractor, Kumar & Kundu",2007,,,,,,,,,,,,,not_found,yes
S162,Oh & Sohl,2017,,10.1021/acsenergylett.7b00206,https://openalex.org/W2605569472,Amorphous NiFe-OH/NiFeP Electrocatalyst Fabricated at Low Temperature for Water Oxidation Applications,2017,ACS Energy Letters,Hanfeng Liang,589,False,,author_year,,author_year_guess,yes
S163,Ogasavara & Hoshino,2007,,,,,,,,,,,,,not_found,yes
S164,"Gao, Murray, Kotabe & Lu",2010,,10.1038/ncomms1583,https://openalex.org/W2135937441,Graphene chiral liquid crystals and macroscopic assembled fibres,2011,Nature Communications,Zhen Xu,1096,True,https://www.nature.com/articles/ncomms1583.pdf,author_year,,author_year_guess,yes
S165,Doukas & Kan,2006,,,https://openalex.org/W1495026654,"[The fossil record of the Eurasian Neogene insectivores (Erinaceomorpha, Soricomorpha, Mammalia) : Part I / L.W. van den Hoek Ostende, C.S. Doukas and J.W.F. Reumer (editors)]: WINE: putting the fossil insectivores on record",2005,Scripta geologica. Special issues,Lars W. van den Hoek Ostende,4,False,,author_year,,author_year_guess,yes
S166,Castellacci,2015,,10.1016/j.jbankfin.2014.05.013,https://openalex.org/W3121813648,Modeling contagion in the Eurozone crisis via dynamical systems,2014,Journal of Banking & Finance,Giuseppe Castellacci,18,False,,author_year,,author_year_guess,yes
S167,Reuber & Fischer,1997,,10.2307/3870267,https://openalex.org/W4232615010,Isolation of Arabidopsis Genes That Differentiate between Resistance Responses Mediated by the RPS2 and RPM1 Disease Resistance Genes,1996,The Plant Cell,T. Lynne Reuber,28,False,,author_year,,author_year_guess,yes
S168,"Zhou, Wu & Luo",2007,,10.4324/9781841697178,https://openalex.org/W51257603,Handbook of Organizational Creativity,2007,Lawrence Erlbaum Associates eBooks,Jing Zhou,697,False,,author_year,,author_year_guess,yes
S169,"Isobe, Makino & Montgomery",2000,,10.1021/ja015888l,https://openalex.org/W2092573773,Efficient Lewis Acid-Catalyzed Stereocontrolled Radical Polymerization of Acrylamides,2001,Journal of the American Chemical Society,Yutaka Isobe,197,False,,author_year,,author_year_guess,yes
S170,Shan & Song,1997,,,,,,,,,,,,,not_found,yes
S171,"Buckley, Dunning & Pearce",1978,,10.2307/3727132,https://openalex.org/W2084841698,The Worlds of Victorian Fiction,1978,The Modern Language Review,Alan Shelston,102,False,,author_year,,author_year_guess,yes
S172,"Oesterle, Richta & Fisch",2013,,10.3217/zfhe-9-05/02,https://openalex.org/W1541362487,Die Signalwirkung von Hochschulrankings - eine empirische Studie unter Studienanfängerinnen/-anfängern der Wirtschaftswissenschaften,2014,Zeitschrift für Hochschulentwicklung,Roland Happ,3,True,https://doi.org/10.3217/zfhe-9-05/02,author_year,,author_year_guess,yes
S173,"Nguyen, Almodóvar & Martínez-Noya",2018,,10.18653/v1/n18-2053,https://openalex.org/W2774837955,A Novel Embedding Model for Knowledge Base Completion Based on Convolutional Neural Network,2018,,Dai Quoc Nguyen,879,True,https://www.aclweb.org/anthology/N18-2053.pdf,author_year,,author_year_guess,yes
S174,"Ogasavara, Hoshino & Alberton",2016,,10.18568/1980-4865.11349-63,https://openalex.org/W2571277287,Cidades globais no contexto dos negócios internacionais: Do esquecimento à tendência na produção acadêmica,2017,Internext,Paulo Kazuhiro Izumi,2,True,https://internext.espm.br/internext/article/download/359/290,author_year,,author_year_guess,yes
S175,Jo & Roth,2015,,10.1097/md.0000000000001144,https://openalex.org/W1125318244,Clinical Spectrum Time Course in Anti Jo-1 Positive Antisynthetase Syndrome,2015,Medicine,Lorenzo Cavagna,180,True,https://doi.org/10.1097/md.0000000000001144,author_year,,author_year_guess,yes
S176,Khattak & Shah,2022,,10.31703/glr.2023(viii-ii).33,https://openalex.org/W4391858480,"Second Language Motivational Self-System of BS English Students at Khushal Khan Khattak University Karak, Khyber Pakhtunkhwa, Pakistan",2023,Global Language Review,Maham Khan Khattak,1,True,https://doi.org/10.31703/glr.2023(viii-ii).33,author_year,,author_year_guess,yes
S177,Lee & Yoon,2022,,10.59327/ipcc/ar6-9789291691647,https://openalex.org/W4385118605,"IPCC, 2023: Climate Change 2023: Synthesis Report. Contribution of Working Groups I, II and III to the Sixth Assessment Report of the Intergovernmental Panel on Climate Change [Core Writing Team, H. Lee and J. Romero (eds.)]. IPCC, Geneva, Switzerland.",2023,,Katherine Calvin,3033,True,https://openresearch-repository.anu.edu.au/bitstreams/95eb5ece-a734-44d7-86b3-bec919268af8/download,author_year,,author_year_guess,yes
S178,Lin & Liu,2022,,10.1109/tim.2023.3244811,https://openalex.org/W4320713376,P<sup>3</sup>-LINS: Tightly Coupled PPP-GNSS/INS/LiDAR Navigation System With Effective Initialization,2023,IEEE Transactions on Instrumentation and Measurement,Tao Li,23,False,,author_year,,author_year_guess,yes
S179,"Chen, Zhang & Li",2022,,10.1016/j.cnsns.2021.106067,https://openalex.org/W3165445341,PINN deep learning method for the Chen–Lee–Liu equation: Rogue wave on the periodic background,2021,Communications in Nonlinear Science and Numerical Simulation,Wei‐Qi Peng,124,True,https://arxiv.org/pdf/2105.13027,author_year,,author_year_guess,yes
S180,Wang & Xiang,2022,,10.1109/tfuzz.2021.3098339,https://openalex.org/W3186481057,Deep Fuzzy Rule-Based Classification System With Improved Wang–Mendel Method,2021,IEEE Transactions on Fuzzy Systems,Yuangang Wang,49,False,,author_year,,author_year_guess,yes
S181,Nguyen & Dinh,2022,,10.1080/09669582.2021.1884689,https://openalex.org/W3132014268,"Intrinsic barriers to and opportunities for community empowerment in community-based tourism development in Thai Nguyen province, Vietnam",2021,Journal of Sustainable Tourism,Dung Thi Ngoc Nguyen,42,False,,author_year,,author_year_guess,yes
S182,Vo & Nguyen,2021,,10.1038/s41586-020-2488-1,https://openalex.org/W3038505425,Suppression of a SARS-CoV-2 outbreak in the Italian municipality of Vo’,2020,Nature,Enrico Lavezzo,1026,True,https://www.nature.com/articles/s41586-020-2488-1.pdf,author_year,,author_year_guess,yes
S183,Kim & Kim,2023,,10.3390/metabo12121166,https://openalex.org/W4309987761,p-Coumaric Acid Nanoparticles Ameliorate Diabetic Nephropathy via Regulating mRNA Expression of KIM-1 and GLUT-2 in Streptozotocin-Induced Diabetic Rats,2022,Metabolites,Amalan Venkatesan,32,True,https://www.mdpi.com/2218-1989/12/12/1166/pdf?version=1670304062,author_year,,author_year_guess,yes
S184,Borkakoti & Dua,2023,,10.1016/j.sbi.2022.102526,https://openalex.org/W4313654640,AlphaFold2 protein structure prediction: Implications for drug discovery,2023,Current Opinion in Structural Biology,Neera Borkakoti,110,True,https://pmc.ncbi.nlm.nih.gov/articles/PMC7614146/pdf/EMS159591.pdf,author_year,,author_year_guess,yes
S185,Li & Li,2023,,10.1038/s41586-022-05627-8,https://openalex.org/W4319591926,Electrolyte design for Li-ion batteries under extreme operating conditions,2023,Nature,Feng Xu,905,True,https://www.osti.gov/servlets/purl/1924195,author_year,,author_year_guess,yes
S186,"Torres, Kunc & O'Shannassy",2022,,,,,,,,,,,,,not_found,yes
S187,Cho & Lee,2023,,10.1016/j.ymben.2022.03.009,https://openalex.org/W4220848574,Harnessing secretory pathway differences between HEK293 and CHO to rescue production of difficult to express proteins,2022,Metabolic Engineering,Magdalena Malm,43,True,https://doi.org/10.1016/j.ymben.2022.03.009,author_year,,author_year_guess,yes
S188,Do & Phan,2025,,10.1016/s1473-3099(24)00141-5,https://openalex.org/W4393183623,The emergence of artemisinin partial resistance in Africa: how do we respond?,2024,The Lancet Infectious Diseases,Philip J. Rosenthal,154,True,http://www.thelancet.com/article/S1473309924001415/pdf,author_year,,author_year_guess,yes
S189,Do & Phan,2026,,10.1038/s41586-025-08688-7,https://openalex.org/W4408347958,Species turnover does not rescue biodiversity in fragmented landscapes,2025,Nature,Thiago Gonçalves‐Souza,72,True,http://doi.org/10.1038/s41586-025-08688-7,author_year,,author_year_guess,yes
S190,"Phan, Ninh & Do",2021,,10.5751/es-12625-260319,https://openalex.org/W3197735684,The role of Indigenous peoples and local communities in effective and equitable conservation,2021,Ecology and Society,Neil Dawson,817,True,http://www.ecologyandsociety.org/vol26/iss3/art19/ES-2021-12625.pdf,author_year,,author_year_guess,yes
S191,Phan et al.,2021,,10.5751/es-12625-260319,https://openalex.org/W3197735684,The role of Indigenous peoples and local communities in effective and equitable conservation,2021,Ecology and Society,Neil Dawson,817,True,http://www.ecologyandsociety.org/vol26/iss3/art19/ES-2021-12625.pdf,author_year,,author_year_guess,yes
S192,Tu & Huynh,2021,,,,,,,,,,,,,not_found,yes
S193,García-Sánchez & Rama,2024,,10.1519/jsc.0000000000005208,https://openalex.org/W4413971882,The Effect of a Short-Term Detraining Period on Neuromuscular Performance in Elite U18 Male Basketball Players,2025,The Journal of Strength and Conditioning Research,Raúl Nieto-Acevedo,4,False,,author_year,,author_year_guess,yes
S194,Godbole,2024,,10.18632/oncotarget.28455,https://openalex.org/W4382794825,Deciphering the mechanisms of action of progesterone in breast cancer,2023,Oncotarget,Gaurav Chakravorty,10,True,https://www.oncotarget.com/article/28455/pdf/,author_year,,author_year_guess,yes
S195,Barłożewski & Trąpczyński (2021a),2021,,,,,,,,,,,,,not_found,yes
S196,Barłożewski & Trąpczyński (2021b),2021,,,,,,,,,,,,,not_found,yes
S197,Calabrese & Manello,2018,,10.1007/s12079-018-0497-8,https://openalex.org/W2904351592,"EPA transparency proposal: testimony of Edward J. Calabrese, Ph.D, October 3, 2018",2018,Journal of Cell Communication and Signaling,Edward J. Calabrese,2,True,https://link.springer.com/content/pdf/10.1007/s12079-018-0497-8.pdf,author_year,,author_year_guess,yes
S198,Cao et al.,2022,,10.1002/advs.202100241,https://openalex.org/W3164658958,Cu–Ferrocene‐Functionalized CaO<sub>2</sub> Nanoparticles to Enable Tumor‐Specific Synergistic Therapy with GSH Depletion and Calcium Overload,2021,Advanced Science,Hanjing Kong,129,True,https://onlinelibrary.wiley.com/doi/pdfdirect/10.1002/advs.202100241,author_year,,author_year_guess,yes
S199,Carr et al.,2010,,10.1016/j.revpalbo.2011.12.005,https://openalex.org/W2082950977,"A palaeoecological perspective for the conservation and restoration of wetland plant communities in the central French Alps, with particular emphasis on alder carr vegetation",2011,Review of Palaeobotany and Palynology,Serge Müller,42,False,,author_year,,author_year_guess,yes
S200,Chen & Hsu,2010,,10.1021/cr1001645,https://openalex.org/W2154903153,Semiconductor-based Photocatalytic Hydrogen Generation,2010,Chemical Reviews,Xiaobo Chen,7727,False,,author_year,,author_year_guess,yes
S201,Cuervo-Cazurra et al.,2017,,10.1016/j.jwb.2017.11.002,https://openalex.org/W2773469510,Home country uncertainty and the internationalization-performance relationship: Building an uncertainty management capability,2017,Journal of World Business,Álvaro Cuervo-Cazurra,188,True,https://kclpure.kcl.ac.uk/ws/files/94655981/JWB_MultinationalPerformance_171030.pdf,author_year,,author_year_guess,yes
S202,Da Cunha et al.,2023,,10.12820/rbafs.27e0248,https://openalex.org/W4289308559,Coordenação-Geral de Promoção da Atividade Física e Ações Intersetoriais: gestão da atividade física no Ministério da Saúde do Brasil,2022,Revista Brasileira de Atividade Física & Saúde,Secretaria de Atenção Primária à Saúde do Ministério da Saúde do Brasil,232,True,https://rbafs.emnuvens.com.br/RBAFS/article/download/14817/11219,author_year,,author_year_guess,yes
S203,Debicki et al.,2020,,10.3389/fneur.2021.757219,https://openalex.org/W4200310161,Improving Diagnosis and Prognosis in Acute Severe Brain Injury: A Multimodal Imaging Protocol,2021,Frontiers in Neurology,Karnig Kazazian,43,True,https://www.frontiersin.org/articles/10.3389/fneur.2021.757219/pdf,author_year,,author_year_guess,yes
S204,Dikova & Veselova,2020,,10.3390/pr9050779,https://openalex.org/W3158084851,Optimization of Photopolymerization Process of Dental Composites,2021,Processes,Tsanka Dikova,59,True,https://www.mdpi.com/2227-9717/9/5/779/pdf?version=1619680622,author_year,,author_year_guess,yes
S205,Elango,2012,,10.1186/1735-2746-9-35,https://openalex.org/W2132428265,"Impact of leachate on groundwater pollution due to non-engineered municipal solid waste landfill sites of erode city, Tamil Nadu, India",2012,Iranian journal of environmental health science & engineering/Iranian journal of environmental health sciences & engineering,R. Nagarajan,210,True,https://link.springer.com/content/pdf/10.1186/1735-2746-9-35.pdf,author_year,,author_year_guess,yes
S206,Espinosa-Méndez & Jara,2021,,,,,,,,,,,,,not_found,yes
S207,Fu,2024,,,,,,,,,,,,,not_found,yes
S208,Khatua et al.,2024,,,,,,,,,,,,,not_found,yes
S209,Lin et al.,2011,,10.1016/j.tourman.2010.01.018,https://openalex.org/W1970817342,"Is UNESCO recognition effective in fostering tourism? A comment on Yang, Lin and Han",2010,Tourism Management,Roberto Cellini,149,False,,author_year,,author_year_guess,yes
S210,Manotas & Gonzalez-Perez,2020,,10.29375/01237047.2796,https://openalex.org/W2957955964,Relación entre las características sociodemográficas y la discapacidad en adultos del municipio de Sabanalarga - Atlántico,2019,Medunab,Lida Maritza Gil-Obando,6,True,https://revistas.unab.edu.co/index.php/medunab/article/download/2796/3053,author_year,,author_year_guess,yes
S211,Olmos & Díez-Vial,2015,,10.1039/c4cp01963f,https://openalex.org/W2089300375,Monolayer protected gold nanoparticles: the effect of the headgroup–Au interaction,2014,Physical Chemistry Chemical Physics,Jimena A. Olmos‐Asar,34,True,https://pubs.rsc.org/en/content/articlepdf/2014/cp/c4cp01963f,author_year,,author_year_guess,yes
S212,"Phan, Tran & Lu",2020,,10.5751/es-12625-260319,https://openalex.org/W3197735684,The role of Indigenous peoples and local communities in effective and equitable conservation,2021,Ecology and Society,Neil Dawson,817,True,http://www.ecologyandsociety.org/vol26/iss3/art19/ES-2021-12625.pdf,author_year,,author_year_guess,yes
S213,Purkayastha et al.,2024,,10.18653/v1/2023.emnlp-demo.13,https://openalex.org/W4389524048,Adapters: A Unified Library for Parameter-Efficient and Modular Transfer Learning,2023,,Clifton Poth,22,True,https://aclanthology.org/2023.emnlp-demo.13.pdf,author_year,,author_year_guess,yes
S214,Purkayastha et al.,2021,,10.17161/randa.v27i3.14901,https://openalex.org/W3136252730,"First record of the Urban Bent-toed Gecko, Cyrtodactylus urbanus Purkayastha, Das, Bohra, Bauer, and Agarwal 2018 (Squamata: Gekkonidae), from Meghalaya, India",2020,Reptiles & Amphibians,Jayaditya Purkayastha,2,True,https://journals.ku.edu/reptilesandamphibians/article/download/14901/13558,author_year,,author_year_guess,yes
S215,Rienda & Andreu,2021,,10.1016/j.jes.2022.02.013,https://openalex.org/W4213040686,PM2.5 chemical composition and health risks by inhalation near a chemical complex,2022,Journal of Environmental Sciences,Célia Alves,94,True,https://ars.els-cdn.com/content/image/1-s2.0-S1001074222000778-ga1_lrg.jpg,author_year,,author_year_guess,yes
S216,Schmuck et al. (2022a),2022,,10.1080/17524032.2023.2237693,https://openalex.org/W4385664593,Inspiring G(re)en Z: Unraveling (Para)social Bonds with Influencers and Perceptions of Their Environmental Content,2023,Environmental Communication,Heleen Dekoninck,35,True,https://lirias.kuleuven.be/retrieve/a5eeb222-9b9d-4baa-8591-11e4748f29c5,author_year,,author_year_guess,yes
S217,Singla & George,2013,,10.1609/aaai.v28i1.9068,https://openalex.org/W2403422166,Approximate Lifting Techniques for Belief Propagation,2014,Proceedings of the AAAI Conference on Artificial Intelligence,Parag Singla,25,True,https://ojs.aaai.org/index.php/AAAI/article/download/9068/8927,author_year,,author_year_guess,yes
S218,Sun et al.,2019,,10.1111/nph.15796,https://openalex.org/W2924562469,Sun‐induced Chl fluorescence and its importance for biophysical modeling of photosynthesis based on light reactions,2019,New Phytologist,Lianhong Gu,298,True,https://nph.onlinelibrary.wiley.com/doi/pdfdirect/10.1111/nph.15796,author_year,,author_year_guess,yes
S219,Tongurai & Vithessonthi,2022,,,,,,,,,,,,,not_found,yes
S220,Tsionas & Tzeremes,2021,,10.2139/ssrn.4064916,https://openalex.org/W4226247847,A Panel Bounds Testing Procedure,2022,SSRN Electronic Journal,Georgios Bertsatos,1,True,https://doi.org/10.2139/ssrn.4064916,author_year,,author_year_guess,yes
S221,Vithessonthi & Racela,2016,,,,,,,,,,,,,not_found,yes
S222,Wang et al.,2020,,10.1016/s2213-2600(20)30076-x,https://openalex.org/W3007940623,Pathological findings of COVID-19 associated with acute respiratory distress syndrome,2020,The Lancet Respiratory Medicine,Zhe Xu,8872,True,http://www.thelancet.com/article/S221326002030076X/pdf,author_year,,author_year_guess,yes
S223,Wei & Lin,2021,,10.1016/j.jhydrol.2020.125287,https://openalex.org/W3043493283,"Identifying drought propagation by simultaneously considering linear and nonlinear dependence in the Wei River basin of the Loess Plateau, China",2020,Journal of Hydrology,Wei Fang,120,False,,author_year,,author_year_guess,yes
S224,Xiao et al.,2013,,10.3109/13880209.2012.761243,https://openalex.org/W2082565746,Bioactivities and serum pharmacochemistry of<i>Qi-Wei-Xiao-Yan-Tang</i>,2013,Pharmaceutical Biology,Xiao-Yan He,31,True,https://www.tandfonline.com/doi/pdf/10.3109/13880209.2012.761243?needAccess=true,author_year,,author_year_guess,yes
S225,Xiong et al.,2024,,10.5281/zenodo.17798744,https://openalex.org/W7108481246,Zhankun-Xiong/M2UMol: M2UMol,2025,Zenodo (CERN European Organization for Nuclear Research),"Xiong, Zhankun",1,True,https://doi.org/10.5281/zenodo.17798744,author_year,,author_year_guess,yes
S226,Zeng et al.,2009,,10.1038/ng.601,https://openalex.org/W1995334258,A genome-wide association study of nasopharyngeal carcinoma identifies three new susceptibility loci,2010,Nature Genetics,Jin‐Xin Bei,405,False,,author_year,,author_year_guess,yes
S227,Ahsan & Sinha,2022,,10.1016/s0140-6736(21)01852-3,https://openalex.org/W3191241670,Lebanese health care racked by medicine shortages,2021,The Lancet,Saleyha Ahsan,12,False,,author_year,,author_year_guess,yes
S228,Ruzzier & Ruzzier,2014,,10.1016/j.cretres.2014.09.011,https://openalex.org/W2088847157,"A new tribe, new genus, and new species of Mordellidae (Coleoptera: Tenebrionoidea) from the Early Cretaceous amber of Spain. ERRATUM CORRIGENDUM",2014,Cretaceous Research,David Peris,3,False,,author_year,,author_year_guess,yes
S229,Azman et al.,2022,,10.18848/2327-7971/cgp/v28i01/15-26,https://openalex.org/W3127934146,The Effectiveness of a Design Thinking Tool for the Development of Creativity in Teaching STEM Subjects among Special Needs Education Teachers,2021,The International Journal of Science Mathematics and Technology Learning,Balamuralithara Balakrishnan,4,False,,author_year,,author_year_guess,yes
S230,Bhandari et al.,2023,,10.61093/hem.2024.2-10,https://openalex.org/W4400674426,Book Review on Medani P. Bhandari (2023). Live and Let Others Live – In Reference to Sustainability and Environment Conservation,2024,Health Economics and Management Review,Prajita Bhandari,3,True,https://armgpublishing.com/wp-content/uploads/2024/07/HEM_5_2_2024_10.pdf,author_year,,author_year_guess,yes
S231,Hosseini et al.,2018,,10.1061/(asce)he.1943-5584.0001503,https://openalex.org/W2588194272,"Closure to “Development of a Direct Geomorphologic IUH Model for Daily Runoff Estimation in Ungauged Watersheds” by Seiyed Mossa Hosseini, Najmeh Mahjouri, and Samaneh Riahi",2017,Journal of Hydrologic Engineering,Seiyed Mossa Hosseini,1,False,,author_year,,author_year_guess,yes
S232,Huang & Marciano,2020,,10.1007/s10346-020-01491-7,https://openalex.org/W3046880621,Energy-based analysis of seismic failure mechanism of a rock slope with discontinuities using Hilbert-Huang transform and marginal spectrum in the time-frequency domain,2020,Landslides,Danqing Song,98,False,,author_year,,author_year_guess,yes
S233,Kayaci,2022,,,,,,,,,,,,,not_found,yes
S234,Yip et al.,2000,,,https://openalex.org/W1501074820,Total Global Strategy,2001,,George S. Yip,219,False,,author_year,,author_year_guess,yes
S235,Freixanet & Rialp,2021,,10.5093/anyes2022a15,https://openalex.org/W4226175389,Estudiar en el extranjero: el papel de la personalidad y el lugar de destino para la óptima adaptación de los estudiantes de intercambio Erasmus,2022,Ansiedad y Estrés,Anna Muro,1,True,https://www.ansiedadyestres.es/sites/default/files/rev/2022/anyes2022a15.pdf,author_year,,author_year_guess,yes
S236,Barłożewski & Trąpczyński (2021a),2021,,,,,,,,,,,,,not_found,yes
S237,Barłożewski & Trąpczyński (2021b),2021,,,,,,,,,,,,,not_found,yes
S238,Srividhya et al.,2024,,10.1039/d3ya00100h,https://openalex.org/W4366160951,Well-defined 2D transition vanadium pentoxide (V<sub>2</sub>O<sub>5</sub>) flat nanorods with large-scale synthesis feasibility as an electrocatalyst for the oxygen evolution reaction (OER),2023,Energy Advances,Veena Mounasamy,33,True,https://pubs.rsc.org/en/content/articlepdf/2023/ya/d3ya00100h,author_year,,author_year_guess,yes
